security_id,trading_symbol,company_name,lot_size,tick_size
14747,011NSETEST,011NSETEST,1.0,5.0
14751,021NSETEST,021NSETEST,1.0,5.0
14753,031NSETEST,031NSETEST,1.0,5.0
14755,041NSETEST,041NSETEST,1.0,5.0
14758,051NSETEST,051NSETEST,1.0,5.0
14762,061NSETEST,061NSETEST,1.0,5.0
14764,071NSETEST,071NSETEST,1.0,5.0
14767,081NSETEST,081NSETEST,1.0,5.0
14769,091NSETEST,091NSETEST,1.0,5.0
14772,101NSETEST,101NSETEST,1.0,5.0
14774,111NSETEST,111NSETEST,1.0,5.0
12841,11NSETEST,11NSETEST,1.0,5.0
14777,121NSETEST,121NSETEST,1.0,5.0
14778,131NSETEST,131NSETEST,1.0,5.0
14781,141NSETEST,141NSETEST,1.0,5.0
14782,151NSETEST,151NSETEST,1.0,5.0
14784,161NSETEST,161NSETEST,1.0,5.0
23446,171NSETEST,171NSETEST,1.0,5.0
23447,181NSETEST,181NSETEST,1.0,5.0
16921,20MICRONS,20 MICRONS LTD,1.0,1.0
4,21STCENMGM,21ST CENTURY MGMT SERVICE,1.0,1.0
13061,360ONE,360 ONE WAM LIMITED,1.0,5.0
6232,3IINFOLTD,3I INFOTECH LIMITED,1.0,1.0
474,3MINDIA,3M INDIA LIMITED,1.0,500.0
2595,3PLAND,3P LAND HOLDINGS LIMITED,1.0,1.0
445,5PAISA,5PAISA CAPITAL LIMITED,1.0,5.0
11868,63MOONS,63 MOONS TECHNOLOGIES LTD,1.0,5.0
12533,AAATECH,AAA TECHNOLOGIES LIMITED,1.0,1.0
23729,AADHARHFC,AADHAR HOUSING FINANCE L,1.0,5.0
235,AAKASH,AAKASH EXPLORATION SER L,1.0,1.0
1030,AARON,AARON INDUSTRIES LIMITED,1.0,5.0
17145,AARTECH,AARTECH SOLONICS LIMITED,1.0,1.0
4481,AARTIDRUGS,AARTI DRUGS LTD.,1.0,5.0
7,AARTIIND,AARTI INDUSTRIES LTD,1.0,5.0
13868,AARTIPHARM,AARTI PHARMALABS LIMITED,1.0,5.0
19073,AARVI,AARVI ENCON LIMITED,1.0,1.0
5385,AAVAS,AAVAS FINANCIERS LIMITED,1.0,10.0
10,ABAN,ABAN OFFSHORE LTD.,1.0,1.0
13,ABB,ABB INDIA LIMITED,1.0,50.0
17903,ABBOTINDIA,ABBOTT INDIA LIMITED,1.0,500.0
21614,ABCAPITAL,ADITYA BIRLA CAPITAL LTD.,1.0,1.0
24308,ABDL,ALLIED BLEND N DISTILS L,1.0,5.0
30108,ABFRL,ADITYA BIRLA FASHION & RT,1.0,1.0
24404,ABGSEC,BIRLASLAMC - ABGSEC,1.0,1.0
5549,ABMINTLLTD,ABM INTERNATIONAL LTD,1.0,1.0
625,ABREL,ADITYA BIRLA REAL EST LTD,1.0,10.0
6018,ABSLAMC,ADIT BIRL SUN LIF AMC LTD,1.0,5.0
13987,ABSLBANETF,BIRLASLAMC - ABSLBANETF,1.0,1.0
14518,ABSLLIQUID,BIRLASLAMC - ABSLLIQUID,1.0,1.0
7339,ABSLNN50ET,BIRLASLAMC - ABSLNN50ET,1.0,1.0
23806,ABSLPSE,BIRLASLAMC-ABSLPSE,1.0,1.0
22,ACC,ACC LIMITED,1.0,10.0
7053,ACCELYA,ACCELYA SOLN INDIA LTD,1.0,10.0
1465,ACCURACY,ACCURACY SHIPPING LIMITED,1.0,1.0
13587,ACE,ACTION CONST EQUIP LTD,1.0,10.0
11779,ACEINTEG,ACE INTEGRATED SOLU. LTD.,1.0,1.0
12024,ACI,ARCHEAN CHEMICAL IND LTD,1.0,5.0
15420,ACL,ANDHRA CEMENTS LIMITED,1.0,1.0
13688,ACLGATI,ALLCARGO GATI LIMITED,1.0,1.0
27061,ACMESOLAR,ACME SOLAR HOLDINGS LTD,1.0,5.0
5578,ACUTAAS,ACUTAAS CHEMICALS LIMITED,1.0,10.0
10217,ADANIENSOL,ADANI ENERGY SOLUTION LTD,1.0,5.0
25,ADANIENT,ADANI ENTERPRISES LIMITED,1.0,10.0
3563,ADANIGREEN,ADANI GREEN ENERGY LTD,1.0,10.0
15083,ADANIPORTS,ADANI PORT & SEZ LTD,1.0,10.0
17388,ADANIPOWER,ADANI POWER LTD,1.0,5.0
19761,ADFFOODS,ADF FOODS LIMITED,1.0,1.0
34,ADOR,ADOR WELDING LTD,1.0,5.0
4953,ADROITINFO,ADROIT INFOTECH LIMITED,1.0,1.0
14813,ADSL,ALLIED DIGITAL SERV. LTD,1.0,1.0
14745,ADVANIHOTR,ADVANI HOT.& RES.(I) LTD,1.0,1.0
18039,ADVENZYMES,ADVANCED ENZYME TECH LTD,1.0,5.0
40,AEGISLOG,AEGIS LOGISTICS LIMITED,1.0,5.0
757336,AEGISVOPAK,AEGIS VOPAK TERMINALS LTD,1.0,1.0
18268,AEROFLEX,AEROFLEX INDUSTRIES LTD,1.0,1.0
9810,AETHER,AETHER INDUSTRIES LIMITED,1.0,5.0
25977,AFCONS,AFCONS INFRASTRUCTURE LTD,1.0,5.0
11343,AFFLE,AFFLE 3I LIMITED,1.0,10.0
25855,AFFORDABLE,AFFORD ROBO & AUTO LTD,1.0,5.0
24159,AFIL,AKME FINTRADE (INDIA) LTD,1.0,1.0
13288,AFSL,ABANS FINANCIAL SRVCS LTD,1.0,1.0
3389,AGARIND,AGARWAL INDS CORP LTD.,1.0,5.0
29452,AGARWALEYE,DR AGARWALS HEALTH CARE L,1.0,5.0
1412,AGI,AGI GREENPAC LIMITED,1.0,5.0
24445,AGIIL,AGI INFRA LIMITED,1.0,5.0
11072,AGRITECH,AGRI-TECH (INDIA) LIMITED,1.0,1.0
9046,AGROPHOS,AGRO PHOS INDIA LIMITED,1.0,1.0
2004,AHLADA,AHLADA ENGINEERS LIMITED,1.0,1.0
19438,AHLEAST,ASIAN HOTELS (EAST) LTD,1.0,1.0
17833,AHLUCONT,AHLUWALIA CONT IND LTD,1.0,5.0
13086,AIAENG,AIA ENGINEERING LIMITED,1.0,10.0
23553,AIIL,AUTHUM INVEST & INFRA LTD,1.0,10.0
9897,AIRAN,AIRAN LIMITED,1.0,1.0
6068,AIROLAM,AIRO LAM LIMITED,1.0,1.0
8124,AJANTPHARM,AJANTA PHARMA LIMITED,1.0,10.0
29624,AJAXENGG,AJAX ENGINEERING LIMITED,1.0,5.0
17307,AJMERA,AJMERA REALTY & INF I LTD,1.0,5.0
3403,AJOONI,AJOONI BIOTECH LIMITED,1.0,1.0
13510,AKASH,AKASH INFRA-PROJECTS LTD,1.0,1.0
2176,AKG,AKG EXIM LIMITED,1.0,1.0
20178,AKSHARCHEM,AKSHARCHEM INDIA LIMITED,1.0,1.0
24715,AKUMS,AKUMS DRUGS AND PHARMA L,1.0,5.0
1467,AKZOINDIA,AKZO NOBEL INDIA LIMITED,1.0,10.0
9921,ALANKIT,ALANKIT LIMITED,1.0,1.0
17256,ALBERTDAVD,ALBERT DAVID LIMITED,1.0,5.0
79,ALEMBICLTD,ALEMBIC LIMITED,1.0,1.0
13656,ALICON,ALICON CASTALLOY LIMITED,1.0,5.0
5265,ALIVUS,ALIVUS LIFE SCIENCES LTD,1.0,10.0
16959,ALKALI,ALKALI METALS LTD,1.0,1.0
11703,ALKEM,ALKEM LABORATORIES LTD.,1.0,50.0
4487,ALKYLAMINE,ALKYL AMINES CHEM. LTD,1.0,10.0
13501,ALLCARGO,ALLCARGO LOGISTICS LTD,1.0,1.0
11798,ALLDIGI,ALLDIGI TECH LIMITED,1.0,5.0
16719,ALMONDZ,ALMONDZ GLOBAL SEC LTD,1.0,1.0
17675,ALOKINDS,ALOK INDUSTRIES LIMITED,1.0,1.0
14848,ALPA,ALPA LABORATORIES LTD,1.0,1.0
7412,ALPHA,KOTAKMAMC - KOTAKALPHA,1.0,1.0
19640,ALPHAETF,MIRAEAMC - ALPHAETF,1.0,1.0
14597,ALPHAGEO,ALPHAGEO (INDIA) LIMITED,1.0,5.0
22344,ALPL30IETF,ICICIPRAMC - ICICIALPLV,1.0,1.0
1185,AMBER,AMBER ENTERPRISES (I) LTD,1.0,50.0
11496,AMBICAAGAR,AMBICA AGAR & AROMAINDLTD,1.0,1.0
15234,AMBIKCO,AMBIKA COTTON MILL LTD.,1.0,10.0
1270,AMBUJACEM,AMBUJA CEMENTS LTD,1.0,5.0
14398,AMDIND,AMD INDUSTRIES LIMITED,1.0,1.0
2598,AMJLAND,AMJ LAND HOLDINGS LIMITED,1.0,1.0
19867,AMNPLST,AMINES & PLASTICIZERS LTD,1.0,1.0
17547,AMRUTANJAN,AMRUTAJAN HEALTH LTD,1.0,5.0
7145,ANANDRATHI,ANAND RATHI WEALTH LTD,1.0,10.0
13620,ANANTRAJ,ANANT RAJ LIMITED,1.0,5.0
166,ANDHRAPAP,ANDHRA PAPER LIMITED,1.0,1.0
136,ANDHRSUGAR,ANDHRA SUGARS LTD,1.0,1.0
324,ANGELONE,ANGEL ONE LIMITED,1.0,10.0
3727,ANMOL,ANMOL INDIA LIMITED,1.0,1.0
5194,ANTGRAPHIC,ANTARCTICA LTD,1.0,1.0
28314,ANUHPHR,ANUH PHARMA LIMITED,1.0,1.0
9014,ANUP,THE ANUP ENGINEERING LTD,1.0,10.0
2829,ANURAS,ANUPAM RASAYAN INDIA LTD,1.0,10.0
30472,AONELIQUID,AONEAMC - AONELIQUID,1.0,1.0
757096,AONENIFTY,AONEAMC - AONENIFTY,1.0,1.0
29975,AONETOTAL,AONEAMC - AONETOTAL,1.0,1.0
11491,APARINDS,APAR INDUSTRIES LTD.,1.0,50.0
20453,APCL,ANJANI PORTLAND CEM LTD,1.0,1.0
154,APCOTEXIND,APCOTEX INDUSTRIES LIMITE,1.0,5.0
21623,APEX,APEX FROZEN FOODS LIMITED,1.0,1.0
25780,APLAPOLLO,APL APOLLO TUBES LTD,1.0,10.0
25328,APLLTD,ALEMBIC PHARMA LTD,1.0,10.0
1134,APOLLO,APOLLO MICRO SYSTEMS LTD,1.0,1.0
157,APOLLOHOSP,APOLLO HOSPITALS ENTER. L,1.0,50.0
14361,APOLLOPIPE,APOLLO PIPES LIMITED,1.0,5.0
163,APOLLOTYRE,APOLLO TYRES LTD,1.0,5.0
6302,APOLSINHOT,APOLLO SINDOORI HOTEL LTD,1.0,10.0
5435,APTUS,APTUS VALUE HSG FIN I LTD,1.0,5.0
16795,ARCHIDPLY,ARCHIDPLY IND. LTD,1.0,1.0
5688,ARCHIES,ARCHIES LTD,1.0,1.0
100,ARE&M,AMARA RAJA ENERGY MOB LTD,1.0,10.0
181,ARENTERP,RAJDARSHAN INDUSTRIES LTD,1.0,1.0
15204,ARIES,ARIES AGRO LTD.,1.0,5.0
3813,ARIHANTCAP,ARIHANT CAPITAL MKTS LTD,1.0,1.0
20159,ARIHANTSUP,ARIHANT SUPERSTRUCT LTD,1.0,5.0
25398,ARKADE,ARKADE DEVELOPERS LIMITED,1.0,1.0
17263,ARMANFIN,ARMAN FIN SERV LTD,1.0,10.0
14557,AROGRANITE,ARO GRANITE IND. LTD.,1.0,1.0
16913,ARTEMISMED,ARTEMIS MED SERVICE LTD,1.0,5.0
6156,ARTNIRMAN,ART NIRMAN LIMITED,1.0,1.0
2814,ARVEE,ARVEE LABORATORIES I LTD,1.0,1.0
193,ARVIND,ARVIND LIMITED,1.0,5.0
9111,ARVINDFASN,ARVIND FASHIONS LIMITED,1.0,5.0
10457,ARVSMART,ARVIND SMARTSPACES LTD,1.0,5.0
5378,ASAHIINDIA,ASAHI INDIA GLASS LIMITED,1.0,5.0
10634,ASAL,AUTOMOTIVE STAMPINGS & AS,1.0,5.0
17598,ASALCBR,ASSO ALCOHOLS & BREW LTD,1.0,10.0
203,ASHAPURMIN,ASHAPURA MINECHEM LTD,1.0,5.0
24403,ASHIANA,ASHIANA HOUSING LTD,1.0,5.0
20182,ASHOKA,ASHOKA BUILDCON LTD,1.0,1.0
16943,ASHOKAMET,ASHOKA METCAST LIMITED,1.0,1.0
212,ASHOKLEY,ASHOK LEYLAND LTD,1.0,1.0
7030,ASIANENE,ASIAN ENERGY SERVICES LTD,1.0,5.0
236,ASIANPAINT,ASIAN PAINTS LIMITED,1.0,10.0
14889,ASIANTILES,ASIAN GRANITO IND. LTD.,1.0,1.0
20152,ASKAUTOLTD,ASK AUTOMOTIVE LIMITED,1.0,5.0
14064,ASMS,BARTRONICS INDIA LIMITED,1.0,1.0
17270,ASPINWALL,ASPINWALL & CO LTD,1.0,5.0
17728,ASTEC,ASTEC LIFESCIENCES LTD,1.0,5.0
1508,ASTERDM,ASTER DM HEALTHCARE LTD.,1.0,5.0
14418,ASTRAL,ASTRAL LIMITED,1.0,10.0
11618,ASTRAMICRO,ASTRA MICROWAVE LTD,1.0,10.0
5610,ASTRAZEN,ASTRAZENECA PHARMA IND LT,1.0,50.0
15649,ATALREAL,ATAL REALTECH LIMITED,1.0,1.0
15404,ATAM,ATAM VALVES LIMITED,1.0,1.0
6066,ATGL,ADANI TOTAL GAS LIMITED,1.0,5.0
757645,ATHERENERG,ATHER ENERGY LIMITED,1.0,5.0
17778,ATL,ALLCARGO TERMINALS LTD,1.0,1.0
13585,ATLANTAA,ATLANTAA LIMITED,1.0,1.0
263,ATUL,ATUL LTD,1.0,50.0
30023,ATULAUTO,ATUL AUTO LIMITED,1.0,5.0
21238,AUBANK,AU SMALL FINANCE BANK LTD,1.0,5.0
12022,AURIONPRO,AURIONPRO SOLN LTD,1.0,10.0
275,AUROPHARMA,AUROBINDO PHARMA LTD,1.0,10.0
10310,AURUM,AURUM PROPTECH LIMITED,1.0,1.0
4037,AUSOMENT,AUSOM ENTERPRISE LIMITED,1.0,1.0
278,AUTOAXLES,AUTOMOTIVE AXLES LIMITED,1.0,10.0
7880,AUTOBEES,NIPPONAMC - NETFAUTO,1.0,1.0
7844,AUTOIETF,ICICIPRAMC - ICICIAUTO,1.0,1.0
14106,AUTOIND,AUTOLINE INDUSTRIES LTD,1.0,1.0
21406,AVADHSUGAR,AVADH SUG & ENERGY LTD,1.0,5.0
15058,AVALON,AVALON TECHNOLOGIES LTD,1.0,5.0
24610,AVANTEL,AVANTEL LIMITED,1.0,1.0
7936,AVANTIFEED,AVANTI FEEDS LIMITED,1.0,5.0
15589,AVG,AVG LOGISTICS LIMITED,1.0,5.0
25984,AVL,ADITYA VISION LIMITED,1.0,5.0
8827,AVROIND,AVRO INDIA LIMITED,1.0,1.0
14008,AVTNPL,AVT NATURAL PRODUCTS LTD,1.0,1.0
23864,AWFIS,AWFIS SPACE SOLUTIONS LTD,1.0,5.0
1797,AWHCL,ANTONY WASTE HDG CELL LTD,1.0,5.0
8110,AWL,AWL AGRI BUSINESS LIMITED,1.0,5.0
5900,AXISBANK,AXIS BANK LIMITED,1.0,10.0
1044,AXISBNKETF,AXISAMC - AXISBNKETF,1.0,1.0
3530,AXISBPSETF,AXISAMC - AXISBPSETF,1.0,1.0
5732,AXISCETF,AXISAMC - AXISCETF,1.0,1.0
20532,AXISGOLD,AXIS MF - AXIS GOLD ETF,1.0,1.0
3608,AXISHCETF,AXISAMC - AXISHCETF,1.0,1.0
11193,AXISILVER,AXISAMC - AXISILVER,1.0,1.0
21252,AXISNIFTY,AXISAMC - AXISNIFTY,1.0,1.0
3010,AXISTECETF,AXISAMC - AXISTECETF,1.0,1.0
30155,AXISVALUE,AXISAMC - AXISVALUE,1.0,1.0
9902,AXITA,AXITA COTTON LIMITED,1.0,1.0
14742,AXSENSEX,AXISAMC - AXSENSEX,1.0,1.0
10285,AYMSYNTEX,AYM SYNTEX LIMITED,1.0,1.0
20905,AZAD,AZAD ENGINEERING LIMITED,1.0,10.0
13794,BAIDFIN,BAID FINSERV LIMITED,1.0,1.0
16669,BAJAJ-AUTO,BAJAJ AUTO LIMITED,1.0,50.0
19531,BAJAJCON,BAJAJ CONSUMER CARE LTD,1.0,1.0
15034,BAJAJELEC,BAJAJ ELECT.LTD,1.0,5.0
16675,BAJAJFINSV,BAJAJ FINSERV LTD.,1.0,10.0
6863,BAJAJHCARE,BAJAJ HEALTHCARE LIMITED,1.0,5.0
25270,BAJAJHFL,BAJAJ HOUSING FINANCE LTD,1.0,1.0
308,BAJAJHIND,BAJAJ HINDUSTHAN SUGAR LT,1.0,1.0
305,BAJAJHLDNG,BAJAJ HOLDINGS & INVS LTD,1.0,100.0
29678,BAJAJINDEF,INDEF MANUFACTURING LTD,1.0,1.0
20531,BAJEL,BAJEL PROJECTS LIMITED,1.0,1.0
317,BAJFINANCE,BAJAJ FINANCE LIMITED,1.0,50.0
25203,BALAJEE,SHREE TIRUPATI BALAJEE L,1.0,1.0
9158,BALAJITELE,BALAJI TELEFILMS LIMITED.,1.0,1.0
14501,BALAMINES,BALAJI AMINES LIMITED,1.0,10.0
11309,BALAXI,BALAXI PHARMA LTD,1.0,1.0
10181,BALKRISHNA,BALKRISHNA PAPER MILLS L,1.0,1.0
335,BALKRISIND,BALKRISHNA IND. LTD,1.0,10.0
338,BALMLAWRIE,BALMER LAWRIE & CO LTD,1.0,1.0
13441,BALPHARMA,BAL PHARMA LTD.,1.0,1.0
341,BALRAMCHIN,BALRAMPUR CHINI MILLS LTD,1.0,5.0
23607,BALUFORGE,BALU FORGE INDUSTRIES LTD,1.0,5.0
347,BANARBEADS,BANARAS BEADS LTD,1.0,1.0
350,BANARISUG,BANNARI AMMAN SUGARS LTD,1.0,10.0
13880,BANCOINDIA,BANCO PRODUCTS (I) LTD,1.0,5.0
2263,BANDHANBNK,BANDHAN BANK LIMITED,1.0,1.0
15303,BANG,BANG OVERSEAS LTD.,1.0,1.0
822,BANKA,BANKA BIOLOO LIMITED,1.0,1.0
4668,BANKBARODA,BANK OF BARODA,1.0,1.0
11439,BANKBEES,NIP IND ETF BANK BEES,1.0,1.0
21986,BANKBETF,BFAM - BANKBETF,1.0,1.0
17419,BANKETF,MIRAEAMC - BANKETF,1.0,1.0
13644,BANKETFADD,DSPAMC - DSPBANKETF,1.0,1.0
11037,BANKIETF,ICICIPRAMC - IPRU5008,1.0,1.0
4745,BANKINDIA,BANK OF INDIA,1.0,1.0
5851,BANKNIFTY1,KOTAKMAMC-KOTAKBKETF,1.0,1.0
25725,BANKPSU,MIRAEAMC - BANKPSU,1.0,1.0
24386,BANSALWIRE,BANSAL WIRE INDUSTRIES L,1.0,5.0
14511,BANSWRAS,BANSWARA SYNTEX LIMITED,1.0,1.0
3127,BARBEQUE,BARBEQUE NATION HOSP. LTD,1.0,5.0
368,BASF,BASF INDIA LTD,1.0,50.0
12034,BASML,BANNARI AM SPIN MILL LTD.,1.0,1.0
371,BATAINDIA,BATA INDIA LTD,1.0,10.0
17927,BAYERCROP,BAYER CROPSCIENCE LTD,1.0,50.0
7196,BBETF0432,EDELAMC - BBETF0432,1.0,1.0
13761,BBL,BHARAT BIJLEE LTD,1.0,10.0
24117,BBNPNBETF,BARODABNP - BBNPNBETF,1.0,1.0
20547,BBNPPGOLD,BARODABNP - BBNPPGOLD,1.0,5.0
3435,BBOX,BLACK BOX LIMITED,1.0,5.0
380,BBTC,BOMBAY BURMAH TRADING COR,1.0,10.0
12153,BBTCL,B&B TRIPLEWALL CONT LTD,1.0,1.0
2513,BCLIND,BCL INDUSTRIES LIMITED,1.0,1.0
7780,BCONCEPTS,BRAND CONCEPTS LIMITED,1.0,5.0
2144,BDL,BHARAT DYNAMICS LIMITED,1.0,10.0
17933,BEARDSELL,BEARDSELL LIMITED,1.0,1.0
1628,BECTORFOOD,MRS BECTORS FOOD SPE LTD,1.0,10.0
20196,BEDMUTHA,BEDMUTHA INDUST LTD,1.0,1.0
383,BEL,BHARAT ELECTRONICS LTD,1.0,5.0
757102,BELRISE,BELRISE INDUSTRIES LTD,1.0,1.0
395,BEML,BEML LIMITED,1.0,10.0
419,BEPL,BHANSALI ENG. POLYMERS LT,1.0,1.0
404,BERGEPAINT,BERGER PAINTS (I) LTD,1.0,5.0
21113,BFINVEST,BF INVESTMENT LIMITED,1.0,5.0
5220,BFSI,MIRAEAMC - MAFSETF,1.0,1.0
14567,BFUTILITIE,BF UTILITIES LIMITED,1.0,5.0
6164,BHAGCHEM,BHAGIRADHA CHEM & INDS L,1.0,5.0
13400,BHAGERIA,BHAGERIA INDUSTRIES LTD,1.0,1.0
20776,BHAGYANGR,BHAGYANAGAR INDIA LIMITED,1.0,1.0
19556,BHANDARI,BHANDARI HOSIERY EXP LTD,1.0,1.0
422,BHARATFORG,BHARAT FORGE LTD,1.0,10.0
426,BHARATGEAR,BHARAT GEARS LTD.,1.0,1.0
3834,BHARATRAS,BHARAT RASAYAN LTD,1.0,50.0
16123,BHARATWIRE,BHARAT WIRE ROPES LTD.,1.0,1.0
10604,BHARTIARTL,BHARTI AIRTEL LIMITED,1.0,10.0
23489,BHARTIHEXA,BHARTI HEXACOM LIMITED,1.0,10.0
438,BHEL,BHEL,1.0,5.0
18431,BIGBLOC,BIGBLOC CONSTRUCTION LTD,1.0,1.0
11966,BIKAJI,BIKAJI FOODS INTERN LTD,1.0,5.0
11373,BIOCON,BIOCON LIMITED.,1.0,5.0
4136,BIOFILCHEM,BIOFIL CHEM & PHARMA LTD,1.0,1.0
477,BIRLACABLE,BIRLA CABLE LIMITED,1.0,1.0
480,BIRLACORPN,BIRLA CORPORATION LTD,1.0,10.0
15239,BIRLAMONEY,ADITYA BIRLA MONEY LTD,1.0,1.0
1455,BIRLANU,BIRLANU LIMITED,1.0,10.0
27144,BLACKBUCK,ZINKA LOGISTICS SOL LTD,1.0,5.0
15067,BLAL,BEML LAND ASSETS LIMITED,1.0,1.0
8132,BLBLIMITED,BLB LIMITED,1.0,1.0
19265,BLISSGVS,BLISS GVS PHARMA LTD,1.0,1.0
13290,BLKASHYAP,B.L.KASHYAP & SON LTD,1.0,1.0
17279,BLS,BLS INTL SERVS LTD,1.0,5.0
22566,BLSE,BLS E-SERVICES LIMITED,1.0,1.0
495,BLUEDART,BLUE DART EXPRESS LTD,1.0,50.0
19686,BLUEJET,BLUE JET HEALTHCARE LTD,1.0,5.0
8311,BLUESTARCO,BLUE STAR LIMITED,1.0,10.0
25017,BODALCHEM,BODAL CHEMICALS LTD,1.0,1.0
513,BOMDYEING,BOMBAY DYEING & MFG. CO L,1.0,1.0
19401,BOROLTD,BOROSIL LIMITED,1.0,5.0
3149,BORORENEW,BOROSIL RENEWABLES LTD,1.0,5.0
24014,BOROSCI,BOROSIL SCIENTIFIC LTD,1.0,1.0
2181,BOSCHLTD,BOSCH LIMITED,1.0,500.0
526,BPCL,BHARAT PETROLEUM CORP  LT,1.0,5.0
530,BPL,BPL LTD,1.0,1.0
15184,BRIGADE,BRIGADE ENTER. LTD,1.0,10.0
547,BRITANNIA,BRITANNIA INDUSTRIES LTD,1.0,50.0
19585,BSE,BSE LIMITED,1.0,10.0
3001,BSE500IETF,ICICIPRAMC - ICICI500,1.0,1.0
809,BSHSL,BOMBAY SUPER HYBRID SEEDS,1.0,1.0
23804,BSLGOLDETF,ADITYBIRLA SL GOLD ETF-GR,1.0,1.0
24781,BSLNIFTY,ADITYBIRLA SL NIF ETF-GR,1.0,1.0
5957,BSLSENETFG,BIRLASLAMC - BSLSENETFG,1.0,1.0
6994,BSOFT,BIRLASOFT LIMITED,1.0,5.0
14150,BTML,BODHI TREE MULTIMEDIA LTD,1.0,1.0
2716,BUTTERFLY,BTRFLY GANDHI APPL LTD,1.0,5.0
15073,BVCL,BARAK VALLEY CEM. LTD.,1.0,1.0
7919,BYKE,THE BYKE HOSPITALITY LTD,1.0,1.0
6216,CAMLINFINE,CAMLIN FINE SCIENCES LTD,1.0,1.0
9362,CAMPUS,CAMPUS ACTIVEWEAR LIMITED,1.0,5.0
342,CAMS,COMPUTER AGE MNGT SER LTD,1.0,10.0
10794,CANBK,CANARA BANK,1.0,1.0
583,CANFINHOME,CAN FIN HOMES LTD,1.0,5.0
20160,CANTABIL,CANTABIL RETAIL LTD,1.0,1.0
21749,CAPACITE,CAPACITE INFRAPROJECT LTD,1.0,5.0
22675,CAPITALSFB,CAPITAL SMALL FIN BANK L,1.0,5.0
3906,CAPLIPOINT,CAPLIN POINT LAB LTD.,1.0,10.0
595,CARBORUNIV,CARBORUNDUM UNIVERSAL LTD,1.0,5.0
29113,CARERATING,CARE RATINGS LIMITED,1.0,10.0
28879,CARRARO,CARRARO INDIA LIMITED,1.0,5.0
5407,CARTRADE,CARTRADE TECH LIMITED,1.0,10.0
1879,CARYSIL,CARYSIL LIMITED,1.0,5.0
30139,CASHIETF,ICICIPRAMC - CASHIETF,1.0,1.0
1250,CASTROLIND,CASTROL INDIA LIMITED,1.0,1.0
14992,CCCL,CONS. CONST. CONSORT LTD,1.0,1.0
6385,CCHHL,COUNTRY CLUB HOSP HOL LTD,1.0,1.0
11452,CCL,CCL PRODUCTS (I) LTD,1.0,5.0
21174,CDSL,CENTRAL DEPO SER (I) LTD,1.0,10.0
15254,CEATLTD,CEAT LIMITED,1.0,10.0
24742,CEIGALL,CEIGALL INDIA LIMITED,1.0,1.0
13162,CELEBRITY,CELEBRITY FASHIONS LTD,1.0,1.0
19795,CELLO,CELLO WORLD LIMITED,1.0,5.0
619,CENTENKA,CENTURY ENKA LTD,1.0,5.0
11511,CENTEXT,CENTURY EXTRUSIONS LTD,1.0,1.0
14894,CENTRALBK,CENTRAL BANK OF INDIA,1.0,1.0
2454,CENTRUM,CENTRUM CAPITAL LIMITED,1.0,1.0
14982,CENTUM,CENTUM ELECTRONICS LTD,1.0,10.0
13305,CENTURYPLY,CENTURY PLYBOARDS (I) LTD,1.0,5.0
15039,CERA,CERA SANITARYWARE LTD,1.0,50.0
628,CESC,CESC LTD,1.0,1.0
28764,CEWATER,CONCORD ENVIRO SYSTEMS L,1.0,5.0
20329,CGCL,CAPRI GLOBAL CAPITAL LTD,1.0,1.0
760,CGPOWER,CG POWER AND IND SOL LTD,1.0,5.0
8546,CHALET,CHALET HOTELS LIMITED,1.0,5.0
637,CHAMBLFERT,CHAMBAL FERTILIZERS LTD,1.0,5.0
270,CHEMCON,CHEMCON SPECIAL CHEM LTD,1.0,1.0
2799,CHEMFAB,CHEMFAB ALKALIS LIMITED,1.0,5.0
5449,CHEMPLASTS,CHEMPLAST SANMAR LIMITED,1.0,5.0
2049,CHENNPETRO,CHENNAI PETROLEUM CORP LT,1.0,5.0
9879,CHEVIOT,CHEVIOT COMPANY LIMITED,1.0,10.0
8866,CHOICEIN,CHOICE INTERNATIONAL LTD,1.0,5.0
685,CHOLAFIN,CHOLAMANDALAM IN & FIN CO,1.0,10.0
21740,CHOLAHLDNG,CHOLAMANDALAM FIN HOL LTD,1.0,10.0
14937,CIEINDIA,CIE AUTOMOTIVE INDIA LTD,1.0,5.0
756015,CIFL,CAPITAL INDIA FINANCE LTD,1.0,1.0
5142,CIGNITITEC,CIGNITI TECHNOLOGIES LTD,1.0,10.0
8024,CINEVISTA,CINEVISTA LIMITED,1.0,1.0
694,CIPLA,CIPLA LTD,1.0,10.0
5049,CLEAN,CLEAN SCIENCE & TECH LTD,1.0,10.0
20223,CLEDUCATE,CL EDUCATE LIMITED,1.0,1.0
3482,CLSEL,CHAMAN LAL SETIA EXP LTD,1.0,5.0
7603,CMSINFO,CMS INFO SYSTEMS LIMITED,1.0,5.0
20374,COALINDIA,COAL INDIA LTD,1.0,5.0
6006,COASTCORP,COASTAL CORPORATION LTD,1.0,1.0
21508,COCHINSHIP,COCHIN SHIPYARD LIMITED,1.0,10.0
11543,COFORGE,COFORGE LIMITED,1.0,50.0
17945,COHANCE,COHANCE LIFESCIENCES LTD,1.0,10.0
15141,COLPAL,COLGATE PALMOLIVE LTD.,1.0,10.0
13198,COMMOIETF,ICICIPRAMC - ICICICOMMO,1.0,1.0
31138,COMPUSOFT,COMPUCOM SOFTWARE LTD,1.0,1.0
21578,COMSYN,COMMERCIAL SYN BAGS LTD,1.0,1.0
4749,CONCOR,CONTAINER CORP OF IND LTD,1.0,5.0
18060,CONCORDBIO,CONCORD BIOTECH LIMITED,1.0,10.0
10238,CONFIPET,CONFIDENCE PETRO IND LTD.,1.0,1.0
10512,CONS,KOTAKMAMC - KOTAKCONS,1.0,1.0
11731,CONSOFINVT,CONSO. FIN. & HOLD. LTD.,1.0,1.0
2435,CONSUMBEES,NIP IND ETF CONSUMPTION,1.0,1.0
28969,CONSUMER,MIRAEAMC - CONSUMER,1.0,1.0
6446,CONSUMIETF,ICICIPRAMC - ICICICONSU,1.0,1.0
17477,CONTROLPR,CONTROL PRINT LIMITED,1.0,5.0
4007,CORALFINAC,CORAL INDIA FIN & HOUS LT,1.0,1.0
15271,CORDSCABLE,CORDS CABLE INDUS LTD.,1.0,1.0
739,COROMANDEL,COROMANDEL INTERNTL. LTD,1.0,10.0
742,COSMOFIRST,COSMO FIRST LIMITED,1.0,10.0
20086,CPCAP,CP CAPITAL LIMITED,1.0,1.0
2328,CPSEETF,CPSE ETF,1.0,1.0
2854,CRAFTSMAN,CRAFTSMAN AUTOMATION LTD,1.0,50.0
11155,CREATIVE,CREATIVE NEWTECH LIMITED,1.0,5.0
9384,CREATIVEYE,CREATIVE EYE LIMITED,1.0,1.0
4421,CREDITACC,CREDITACCESS GRAMEEN LTD,1.0,10.0
13900,CREST,CREST VENTURES LIMITED,1.0,5.0
757,CRISIL,CRISIL LTD,1.0,50.0
17094,CROMPTON,CROMPT GREA CON ELEC LTD,1.0,5.0
8083,CROWN,CROWN LIFTERS LIMITED,1.0,1.0
14966,CSBBANK,CSB BANK LIMITED,1.0,5.0
10350,CSLFINANCE,CSL FINANCE LIMITED,1.0,5.0
5701,CUB,CITY UNION BANK LTD,1.0,1.0
4064,CUBEXTUB,CUBEX TUBINGS LTD,1.0,1.0
1901,CUMMINSIND,CUMMINS INDIA LTD,1.0,10.0
18520,CUPID,CUPID LIMITED,1.0,1.0
5748,CYIENT,CYIENT LIMITED,1.0,10.0
17187,CYIENTDLM,CYIENT DLM LIMITED,1.0,5.0
772,DABUR,DABUR INDIA LTD,1.0,5.0
8075,DALBHARAT,DALMIA BHARAT LIMITED,1.0,10.0
781,DALMIASUG,DALMIA BHARAT SUG IN LTD,1.0,5.0
28662,DAMCAPITAL,DAM CAPITAL ADVISORS LTD,1.0,5.0
17541,DAMODARIND,DAMODAR INDUSTRIES LTD,1.0,1.0
11423,DATAMATICS,DATAMATICS GLOBAL SER LTD,1.0,5.0
7358,DATAPATTNS,DATA PATTERNS INDIA LTD,1.0,10.0
21794,DAVANGERE,DAVANGERE SUGAR COMPANY L,1.0,1.0
17881,DBCORP,D.B.CORP LTD,1.0,5.0
25892,DBEIL,DEEPAK BUILDERS & ENG I L,1.0,1.0
18086,DBL,DILIP BUILDCON LIMITED,1.0,5.0
18124,DBREALTY,VALOR ESTATE LIMITED,1.0,1.0
31107,DBSTOCKBRO,DB (INT) STOCK BROKERS,1.0,1.0
21704,DCAL,DISHMAN CARBO AMCIS LTD,1.0,5.0
13725,DCBBANK,DCB BANK LIMITED,1.0,1.0
11566,DCI,DC INFOTECH AND COMUN LTD,1.0,5.0
805,DCM,DCM LTD,1.0,1.0
11039,DCMNVL,DCM NOUVELLE LIMITED,1.0,1.0
811,DCMSHRIRAM,DCM SHRIRAM LIMITED,1.0,10.0
7325,DCMSRIND,DCM SHRIRAM IND LTD,1.0,1.0
817,DCW,DCW LTD,1.0,1.0
11895,DCXINDIA,DCX SYSTEMS LIMITED,1.0,5.0
29098,DDEVPLSTIK,DDEV PLASTIKS IND LTD,1.0,5.0
14838,DECCANCE,DECCAN CEMENTS LIMITED,1.0,5.0
24154,DEEDEV,DEE DEVELOPMENT ENG LTD,1.0,5.0
827,DEEPAKFERT,DEEPAK FERTILIZERS & PETR,1.0,10.0
19943,DEEPAKNTR,DEEPAK NITRITE LTD,1.0,10.0
3292,DEEPINDS,DEEP INDUSTRIES LIMITED,1.0,5.0
9599,DELHIVERY,DELHIVERY LIMITED,1.0,5.0
15044,DELTACORP,DELTA CORP LIMITED,1.0,1.0
1214,DELTAMAGNT,DELTA MANUFACTURING LTD,1.0,1.0
17722,DEN,DEN NETWORKS LTD,1.0,1.0
4279,DENORA,DE NORA INDIA LIMITED,1.0,5.0
29256,DENTA,DENTA WATER N INFRA SOL L,1.0,5.0
8146,DEVIT,DEV INFO TECHNOLOGY LTD,1.0,1.0
5373,DEVYANI,DEVYANI INTERNATIONAL LTD,1.0,1.0
10346,DGCONTENT,DIGICONTENT LIMITED,1.0,1.0
857,DHAMPURSUG,DHAMPUR SUGAR MILLS LTD.,1.0,1.0
11359,DHANBANK,DHANLAXMI BANK LIMITED,1.0,1.0
15384,DHANI,DHANI SERVICES LIMITED,1.0,1.0
24409,DHANUKA,DHANUKA AGRITECH LTD,1.0,10.0
13001,DHARMAJ,DHARMAJ CROP GUARD LTD,1.0,1.0
22233,DHUNINV,DHUNSERI INVESTMENTS LTD,1.0,10.0
18543,DIACABS,DIAMOND POWER INFRA LTD,1.0,1.0
18644,DIAMINESQ,DIAMINES & CHEMICALS LTD,1.0,5.0
21840,DIAMONDYD,PRATAAP SNACKS LIMITED,1.0,10.0
703,DICIND,DIC INDIA LIMITED,1.0,5.0
25672,DIFFNKG,DIFFUSION ENGINEERS LTD,1.0,5.0
21247,DIGIDRIVE,DIGIDRIVE DISTRIBUTORS L,1.0,1.0
16683,DIGISPICE,DIGISPICE TECHNOLOGIES LT,1.0,1.0
14479,DIVGIITTS,DIVGI TORQTRANSFER SYST L,1.0,5.0
10940,DIVISLAB,DIVI S LABORATORIES LTD,1.0,50.0
2636,DIVOPPBEES,NIP IND ETF DIV OPP,1.0,1.0
21690,DIXON,DIXON TECHNO (INDIA) LTD,1.0,100.0
12749,DJML,DJ MEDIAPRINT & LOG LTD,1.0,1.0
14732,DLF,DLF LIMITED,1.0,5.0
17851,DLINKINDIA,D-LINK INDIA LTD,1.0,5.0
19913,DMART,AVENUE SUPERMARTS LIMITED,1.0,10.0
6973,DMCC,DMCC SPECIALITY CHEMICALS,1.0,5.0
641,DNAMEDIA,DILIGENT MEDIA CORP LTD.,1.0,1.0
4822,DODLA,DODLA DAIRY LIMITED,1.0,10.0
12124,DOLATALGO,DOLAT ALGOTECH LIMITED,1.0,1.0
20560,DOLLAR,DOLLAR INDUSTRIES LIMITED,1.0,5.0
20551,DOMS,DOMS INDUSTRIES LIMITED,1.0,10.0
13839,DONEAR,DONEAR IND. LIMITED,1.0,1.0
936,DPABHUSHAN,D. P. ABHUSHAN LIMITED,1.0,10.0
15419,DPSCLTD,DPSC LIMITED,1.0,1.0
16900,DPWIRES,D P WIRES LIMITED,1.0,5.0
2645,DRCSYSTEMS,DRC SYSTEMS INDIA LIMITED,1.0,1.0
10859,DREAMFOLKS,DREAMFOLKS SERVICES LTD,1.0,5.0
11271,DREDGECORP,DREDGING CORP OF INDIA,1.0,5.0
881,DRREDDY,DR. REDDY S LABORATORIES,1.0,10.0
25690,DSSL,DYNACONS SYS & SOLN LTD,1.0,10.0
6227,DTIL,DHUNSERI TEA & IND. LTD.,1.0,1.0
28952,DUCON,DUCON INFRATECHNOLOGIES L,1.0,1.0
15214,DVL,DHUNSERI VENTURES LIMITED,1.0,5.0
11667,DWARKESH,DWARIKESH SUGAR IND LTD,1.0,1.0
10417,DYCL,DYNAMIC CABLES LIMITED,1.0,5.0
4525,DYNAMATECH,DYNAMATIC TECHNOLOGIES,1.0,50.0
21314,DYNPRO,DYNEMIC PRODUCTS LIMITED,1.0,5.0
8937,E2E,E2E NETWORKS LIMITED,1.0,10.0
2792,EASEMYTRIP,EASY TRIP PLANNERS LTD,1.0,1.0
25258,EBANKNIFTY,EDELAMC - EBANKNIFTY,1.0,1.0
16253,EBBETF0430,EDELAMC - EBBETF0430,1.0,1.0
22239,EBBETF0431,EDELAMC - EBBETF0431,1.0,1.0
13139,EBBETF0433,EDELAMC - EBBETF0433,1.0,1.0
29019,ECAPINSURE,EDELAMC - ECAPINSURE,1.0,1.0
15179,ECLERX,ECLERX SERVICES LTD,1.0,10.0
25060,ECOSMOBLTY,ECOS (INDIA) MOB & HOSP L,1.0,5.0
15119,EDELWEISS,EDELWEISS FIN SERV LTD,1.0,1.0
19933,EGOLD,EDELAMC - EGOLD,1.0,5.0
910,EICHERMOT,EICHER MOTORS LTD,1.0,50.0
916,EIDPARRY,EID PARRY INDIA LTD,1.0,5.0
27213,EIEL,ENVIRO INFRA ENGINEERS L,1.0,1.0
6040,EIFFL,EURO (I) FRESH FOODS LTD,1.0,1.0
15399,EIHAHOTELS,EIH ASSOCIATED HOTELS LTD,1.0,5.0
919,EIHOTEL,EIH LIMITED,1.0,5.0
4040,EIMCOELECO,EIMCO ELECON (INDIA) LTD,1.0,10.0
13091,EKC,EVEREST KANTO CYLINDERLTD,1.0,1.0
8953,ELDEHSG,ELDECO HSG & IND LTD.,1.0,5.0
13643,ELECON,ELECON ENG. CO. LTD,1.0,5.0
928,ELECTCAST,ELECTROSTEEL CASTINGS LTD,1.0,1.0
937,ELGIEQUIP,ELGI EQUIPMENTS LTD,1.0,5.0
13517,EMAMILTD,EMAMI LIMITED,1.0,5.0
10074,EMAMIPAP,EMAMI PAPER MILLS LIMITED,1.0,1.0
14450,EMBDL,EMBASSY DEVELOPMENTS LTD,1.0,1.0
24398,EMCURE,EMCURE PHARMACEUTICALS L,1.0,10.0
11530,EMIL,ELECTRONICS MART IND LTD,1.0,1.0
18142,EMMBI,EMMBI INDUSTRIES LIMITED,1.0,1.0
18593,EMSLIMITED,EMS LIMITED,1.0,5.0
9756,EMUDHRA,EMUDHRA LIMITED,1.0,5.0
25996,EMULTIMQ,EDELAMC - EMULTIMQ,1.0,1.0
18822,ENDURANCE,ENDURANCE TECHNO. LTD.,1.0,10.0
15049,ENERGYDEV,ENERGY DEVE. CO.LTD,1.0,1.0
4907,ENGINERSIN,ENGINEERS INDIA LTD,1.0,1.0
13192,ENIL,ENTERTAIN NET. IND. LTD.,1.0,1.0
22717,ENTERO,ENTERO HEALTHCARE SOLU L,1.0,10.0
22463,EPACK,EPACK DURABLE LIMITED,1.0,5.0
5382,EPIGRAL,EPIGRAL LIMITED,1.0,10.0
981,EPL,EPL LIMITED,1.0,1.0
30121,EQUAL200,MIRAEAMC - EQUAL200,1.0,1.0
757142,EQUAL50,MIRAEAMC - EQUAL50,1.0,1.0
6606,EQUAL50ADD,DSPAMC - DSPNEWETF,1.0,1.0
913,EQUITASBNK,EQUITAS SMALL FIN BNK LTD,1.0,1.0
21154,ERIS,ERIS LIFESCIENCES LIMITED,1.0,10.0
955,ESABINDIA,ESAB INDIA LTD,1.0,50.0
19878,ESAFSFB,ESAF SMALL FINANCE BANK L,1.0,1.0
958,ESCORTS,ESCORTS KUBOTA LIMITED,1.0,10.0
1200,ESG,MIRAEAMC - MAESGETF,1.0,1.0
20257,ESILVER,EDELAMC - ESILVER,1.0,1.0
30323,ESSENTIA,INTEGRA ESSENTIA LIMITED,1.0,1.0
24265,ESTER,ESTER INDUSTRIES LTD,1.0,1.0
5097,ETERNAL,ETERNAL LIMITED,1.0,1.0
9750,ETHOSLTD,ETHOS LIMITED,1.0,10.0
25162,EUREKAFORB,EUREKA FORBES LIMITED,1.0,5.0
999,EUROTEXIND,EUROTEX INDUSTRIES LTD,1.0,1.0
11782,EVEREADY,EVEREADY INDS. IND.  LTD.,1.0,5.0
755881,EVIETF,ICICIPRAMC - EVIETF,1.0,1.0
24461,EVINDIA,MIRAEAMC - EVINDIA,1.0,1.0
17376,EXCEL,EXCEL REALTY N INFRA LTD,1.0,1.0
11471,EXCELINDUS,EXCEL INDUSTRIES LTD,1.0,10.0
22947,EXICOM,EXICOM TELE SYSTEMS LTD,1.0,1.0
676,EXIDEIND,EXIDE INDUSTRIES LTD,1.0,5.0
17486,EXPLEOSOL,EXPLEO SOLUTIONS LIMITED,1.0,10.0
5352,EXXARO,EXXARO TILES LIMITED,1.0,1.0
1008,FACT,FACT LTD,1.0,5.0
1614,FAIRCHEMOR,FAIRCHEM ORGANICS LIMITED,1.0,5.0
12000,FAZE3Q,FAZE THREE LIMITED,1.0,5.0
6198,FCL,FINEOTEX CHEMICAL LIMITED,1.0,1.0
11999,FCSSOFT,FCS SOFTWARE SOLN. LTD.,1.0,1.0
4898,FDC,FDC LIMITED,1.0,5.0
1023,FEDERALBNK,FEDERAL BANK LTD,1.0,1.0
20322,FEDFINA,FEDBANK FINANCIAL SER L,1.0,1.0
8159,FIBERWEB,FIBERWEB INDIA LIMITED,1.0,1.0
13710,FIEMIND,FIEM INDUSTRIES LIMITED,1.0,10.0
24532,FILATEX,FILATEX INDIA LTD,1.0,1.0
1038,FINCABLES,FINOLEX CABLES LTD,1.0,5.0
3744,FINEORG,FINE ORGANIC IND. LTD.,1.0,10.0
12578,FINIETF,ICICIPRAMC-ICICIFIN,1.0,1.0
6579,FINOPB,FINO PAYMENTS BANK LTD,1.0,1.0
1041,FINPIPE,FINOLEX INDUSTRIES LTD,1.0,1.0
24814,FIRSTCRY,BRAINBEES SOLUTIONS LTD,1.0,5.0
12032,FIVESTAR,FIVE-STAR BUS FIN LTD,1.0,5.0
20372,FLAIR,FLAIR WRITING INDUST LTD,1.0,5.0
13750,FLUOROCHEM,GUJARAT FLUOROCHEM LTD,1.0,10.0
5306,FMCGIETF,ICICIPRAMC - ICICIFMCG,1.0,1.0
1190,FMGOETZE,FEDERAL-MOGUL GOETZE (IND,1.0,5.0
6836,FOCUS,FOCUS LIGHTG & FIXTRS LTD,1.0,1.0
6673,FOODSIN,FOODS & INNS LIMITED,1.0,1.0
11573,FORCEMOT,FORCE MOTORS LIMITED,1.0,100.0
14592,FORTIS,FORTIS HEALTHCARE LTD,1.0,5.0
1073,FOSECOIND,FOSECO INDIA LTD,1.0,10.0
14304,FSL,FIRSTSOURCE SOLU. LTD.,1.0,5.0
11932,FUSION,FUSION FINANCE LIMITED,1.0,1.0
12842,G1NSETEST,G1NSETEST,1.0,5.0
1085,GABRIEL,GABRIEL INDIA LTD,1.0,5.0
8828,GAEL,GUJARAT AMBUJA EXPORTS LT,1.0,1.0
4717,GAIL,GAIL (INDIA) LTD,1.0,1.0
25134,GALAPREC,GALA PRECISION ENG LTD,1.0,5.0
1315,GALAXYSURF,GALAXY SURFACTANTS LTD,1.0,10.0
13337,GALLANTT,GALLANTT ISPAT LIMITED,1.0,5.0
20303,GANDHAR,GANDHAR OIL REFINE IND L,1.0,1.0
14116,GANDHITUBE,GANDHI SPL. TUBES LTD,1.0,5.0
6944,GANECOS,GANESHA ECOSPHERE LIMITED,1.0,10.0
5614,GANESHBE,GANESH BENZOPLAST LIMITED,1.0,1.0
14339,GANESHHOUC,GANESH HOUSING CORP LTD,1.0,10.0
4957,GANGAFORGE,GANGA FORGING LIMITED,1.0,1.0
21399,GANGESSECU,GANGES SECURITIES LIMITED,1.0,1.0
1100,GARFIBRES,GARWARE TECH FIBRES LTD,1.0,5.0
25800,GARUDA,GARUDA CONSTRUCT N ENG L,1.0,1.0
17888,GATECH,GACM TECHNOLOGIES LIMITED,1.0,1.0
17,GATECHDVR,GACM TECHNOLOGIES LIMITED,1.0,1.0
8510,GATEWAY,GATEWAY DISTRIPARKS LTD,1.0,1.0
13658,GEECEE,GEECEE VENTURES LIMITED,1.0,5.0
17922,GEEKAYWIRE,GEEKAY WIRES LIMITED,1.0,1.0
2188,GENCON,GENERIC ENG CONS PROJ LTD,1.0,1.0
10905,GENESYS,GENESYS INTL CORPN LTD,1.0,5.0
6600,GENUSPAPER,GENUS P&B LIMITED,1.0,1.0
11905,GENUSPOWER,GENUS POWER INFRASTRU LTD,1.0,5.0
11896,GEOJITFSL,GEOJIT FINANCIAL SER L,1.0,1.0
7862,GEPIL,GE POWER INDIA LIMITED,1.0,5.0
13776,GESHIP,THE GE SHPG.LTD,1.0,5.0
1289,GFLLIMITED,GFL LIMITED,1.0,1.0
1127,GHCL,GHCL LIMITED,1.0,5.0
16696,GHCLTEXTIL,GHCL TEXTILES LIMITED,1.0,1.0
1139,GICHSGFIN,GIC HOUSING FINANCE LTD,1.0,1.0
277,GICRE,GENERAL INS CORP OF INDIA,1.0,5.0
17839,GILLANDERS,GILLANDERS ARBUTHNOT LTD,1.0,1.0
1576,GILLETTE,GILLETTE INDIA LTD,1.0,50.0
3172,GILT5YBEES,RELCAPAMC - NETFGILT5Y,1.0,1.0
1145,GIPCL,GUJ IND POW CO. LTD,1.0,1.0
1186,GLAND,GLAND PHARMA LIMITED,1.0,10.0
1153,GLAXO,GLAXOSMITHKLINE PHARMA LT,1.0,10.0
7406,GLENMARK,GLENMARK PHARMACEUTICALS,1.0,10.0
1415,GLOBAL,GLOBAL EDUCATION LIMITED,1.0,1.0
13735,GLOBALVECT,GLOBAL VEC HELICORP LTD,1.0,1.0
17424,GLOBUSSPR,GLOBUS SPIRITS LTD,1.0,5.0
23590,GLOSTERLTD,GLOSTER LIMITED,1.0,5.0
1168,GMBREW,G M BREWERIES LTD,1.0,5.0
5204,GMDCLTD,GUJARAT MINERAL DEV CORP,1.0,5.0
1570,GMMPFAUDLR,GMM PFAUDLER LIMITED,1.0,10.0
13528,GMRAIRPORT,GMR AIRPORTS LIMITED,1.0,1.0
8529,GMRP&UI,GMR POW AND URBAN INFRA L,1.0,1.0
18571,GNA,GNA AXLES LIMITED,1.0,5.0
1174,GNFC,GUJ NAR VAL FER & CHEM L,1.0,5.0
14687,GOACARBON,GOA CARBON LIMITED,1.0,5.0
3963,GOCLCORP,GOCL CORPORATION LIMITED,1.0,5.0
6964,GOCOLORS,GO FASHION INDIA LTD,1.0,5.0
25941,GODAVARIB,GODAVARI BIOREFINERIES L,1.0,5.0
1181,GODFRYPHLP,GODFREY PHILLIPS INDIA LT,1.0,50.0
1607,GODHA,GODHA CABCON INSULAT LTD,1.0,1.0
23799,GODIGIT,GO DIGIT GENERAL INS LTD,1.0,5.0
144,GODREJAGRO,GODREJ AGROVET LIMITED,1.0,5.0
10099,GODREJCP,GODREJ CONSUMER PRODUCTS,1.0,10.0
10925,GODREJIND,GODREJ INDUSTRIES LTD,1.0,10.0
17875,GODREJPROP,GODREJ PROPERTIES LTD,1.0,10.0
11778,GOKEX,GOKALDAS EXPORTS LTD.,1.0,5.0
16705,GOKUL,GOKUL REFOILS & SOLV LTD,1.0,1.0
14480,GOKULAGRO,GOKUL AGRO RESOURCES LTD,1.0,1.0
14858,GOLD1,KOTAK GOLD ETF,1.0,1.0
30105,GOLD360,360ONEAMC - GOLD360,1.0,5.0
14428,GOLDBEES,NIP IND ETF GOLD BEES,1.0,1.0
22901,GOLDCASE,ZERODHAAMC - GOLDCASE,1.0,1.0
14286,GOLDETF,MIRAEAMC - MAGOLDETF,1.0,1.0
15356,GOLDETFADD,DSPAMC - DSPGOLDETF,1.0,1.0
11971,GOLDIAM,GOLDIAM INTERNATIONAL LTD,1.0,5.0
19679,GOLDIETF,ICICI PRUDENTIAL GOLD ETF,1.0,1.0
14535,GOLDSHARE,UTI GOLD ETF,1.0,5.0
9874,GOLDTECH,AION-TECH SOLUTIONS LTD,1.0,1.0
6125,GOODLUCK,GOODLUCK INDIA LIMITED,1.0,5.0
23066,GOPAL,GOPAL SNACKS LIMITED,1.0,5.0
11787,GOYALALUM,GOYAL ALUMINIUMS LIMITED,1.0,1.0
13409,GPIL,GODAWARI POW & ISP LTD,1.0,1.0
19731,GPPL,GUJARAT PIPAVAV PORT LTD,1.0,1.0
22846,GPTHEALTH,GPT HEALTHCARE LIMITED,1.0,1.0
17685,GPTINFRA,GPT INFRAPROJECTS LTD,1.0,1.0
11872,GRANULES,GRANULES INDIA LIMITED,1.0,5.0
592,GRAPHITE,GRAPHITE INDIA LTD,1.0,5.0
1232,GRASIM,GRASIM INDUSTRIES LTD,1.0,10.0
20534,GRAVITA,GRAVITA INDIA LIMITED,1.0,10.0
1235,GREAVESCOT,GREAVES COTTON LTD.,1.0,1.0
6848,GREENLAM,GREENLAM INDUSTRIES LTD.,1.0,5.0
13810,GREENPANEL,GREENPANEL INDUSTRIES LTD,1.0,5.0
3987,GREENPLY,GREENPLY INDUSTRIES LTD,1.0,5.0
20110,GREENPOWER,ORIENT GREEN POWER CO LTD,1.0,1.0
13560,GRINDWELL,GRINDWELL NORTON LIMITED,1.0,10.0
5054,GRINFRA,G R INFRAPROJECTS LIMITED,1.0,10.0
10871,GRMOVER,GRM OVERSEAS LIMITED,1.0,5.0
17770,GROBTEA,THE GROB TEA COMPANY LTD,1.0,5.0
25758,GROWWDEFNC,GROWWAMC - GROWWDEFNC,1.0,1.0
24798,GROWWEV,GROWWAMC - GROWWEV,1.0,1.0
25872,GROWWGOLD,GROWWAMC - GROWWGOLD,1.0,1.0
25447,GROWWLIQID,GROWWAMC - GROWWLIQID,1.0,1.0
756086,GROWWMOM50,GROWWAMC - GROWWMOM50,1.0,1.0
29872,GROWWN200,GROWWAMC - GROWWN200,1.0,1.0
29527,GROWWRAIL,GROWWAMC - GROWWRAIL,1.0,1.0
756827,GROWWSLVR,GROWWAMC - GROWWSLVR,1.0,1.0
6543,GRPLTD,GRP LIMITED,1.0,10.0
5475,GRSE,GARDEN REACH SHIP&ENG LTD,1.0,10.0
7982,GRWRHITECH,GARWARE HI-TECH FILMS LTD,1.0,10.0
24847,GSEC10ABSL,BIRLASLAMC - GSEC10ABSL,1.0,1.0
13143,GSEC10IETF,ICICIPRAMC - ICICI10GS,1.0,1.0
14938,GSEC10YEAR,MIRAEAMC - MAGS813ETF,1.0,1.0
8342,GSEC5IETF,ICICIPRAMC - ICICI5GSEC,1.0,1.0
1247,GSFC,GUJ STATE FERT & CHEM LTD,1.0,1.0
14599,GSLSU,GLOBAL SURFACES LIMITED,1.0,1.0
13197,GSPL,GUJARAT STATE PETRO LTD,1.0,5.0
15347,GSS,GSS INFOTECH LIMITED,1.0,1.0
1129,GTECJAINX,G-TEC JAINX EDUCATION LTD,1.0,1.0
1162,GTL,GTL LTD,1.0,1.0
13745,GTLINFRA,GTL INFRA.LTD,1.0,1.0
21195,GTPL,GTPL HATHWAY LIMITED,1.0,1.0
11606,GUFICBIO,GUFIC BIOSCIENCES LTD.,1.0,5.0
1267,GUJALKALI,GUJARAT ALKALIES & CHEM,1.0,5.0
14677,GUJAPOLLO,GUJ. APOLLO IND. LTD.,1.0,5.0
10599,GUJGASLTD,GUJARAT GAS LIMITED,1.0,5.0
29731,GUJTHEM,GUJARAT THEMIS BIOSYN LTD,1.0,5.0
4391,GULFOILLUB,GULF OIL LUB. IND. LTD.,1.0,10.0
11581,GULFPETRO,GP PETROLEUMS LIMITED,1.0,1.0
6286,GULPOLY,GULSHAN POLYOLS LIMITED,1.0,1.0
10865,GVPTECH,GVP INFOTECH LIMITED,1.0,1.0
16783,GVT&D,GE VERNOVA T&D INDIA LTD,1.0,10.0
2303,HAL,HINDUSTAN AERONAUTICS LTD,1.0,10.0
48,HAPPSTMNDS,HAPPIEST MINDS TECHNO LTD,1.0,5.0
20854,HAPPYFORGE,HAPPY FORGINGS LIMITED,1.0,5.0
8968,HARIOMPIPE,HARIOM PIPE INDUSTRIES L,1.0,5.0
1313,HARRMALAYA,HARRISON MALAYALAM LTD,1.0,1.0
11162,HARSHA,HARSHA ENGINEERS INT LTD,1.0,5.0
18154,HATHWAY,HATHWAY CABLE & DATACOM,1.0,1.0
3892,HATSUN,HATSUN AGRO PRODUCT LTD.,1.0,5.0
9819,HAVELLS,HAVELLS INDIA LIMITED,1.0,10.0
7457,HAVISHA,SRI HAVISHA HOSP & INFR L,1.0,1.0
13966,HBLENGINE,HBL ENGINEERING LTD,1.0,5.0
4116,HBSL,HB STOCKHOLDINGS LIMITED,1.0,1.0
1375,HCC,HINDUSTAN CONSTRUCTION CO,1.0,1.0
15555,HCG,HEALTHCARE GLOB. ENT. LTD,1.0,5.0
7229,HCLTECH,HCL TECHNOLOGIES LTD,1.0,10.0
4244,HDFCAMC,HDFC AMC LIMITED,1.0,10.0
1333,HDFCBANK,HDFC BANK LTD,1.0,10.0
14230,HDFCBSE500,HDFCAMC - HDFCBSE500,1.0,1.0
19543,HDFCGOLD,HDFC GOLD ETF,1.0,1.0
11241,HDFCGROWTH,HDFCAMC - HDFCGROWTH,1.0,1.0
467,HDFCLIFE,HDFC LIFE INS CO LTD,1.0,5.0
18279,HDFCLIQUID,HDFCAMC - HDFCLIQUID,1.0,1.0
11547,HDFCLOWVOL,HDFCAMC - HDFCLOWVOL,1.0,1.0
14236,HDFCMID150,HDFCAMC - HDFCMID150,1.0,1.0
11538,HDFCMOMENT,HDFCAMC - HDFCMOMENT,1.0,1.0
10619,HDFCNEXT50,HDFCAMC - HDFCNEXT50,1.0,1.0
10633,HDFCNIF100,HDFCAMC - HDFCNIF100,1.0,1.0
22433,HDFCNIFBAN,HDFCAMC - HDFCNIFBAN,1.0,1.0
12101,HDFCNIFIT,HDFCAMC - HDFCNIFIT,1.0,1.0
11591,HDFCNIFTY,HDFCAMC - HDFCNIFTY,1.0,1.0
22595,HDFCPSUBK,HDFCAMC HDFCPSUBK,1.0,1.0
12108,HDFCPVTBAN,HDFCAMC - HDFCPVTBAN,1.0,1.0
11255,HDFCQUAL,HDFCAMC - HDFCQUAL,1.0,1.0
11593,HDFCSENSEX,HDFCAMC - HDFCSENSEX,1.0,1.0
10876,HDFCSILVER,HDFCAMC - HDFCSILVER,1.0,1.0
14233,HDFCSML250,HDFCAMC - HDFCSML250,1.0,1.0
11260,HDFCVALUE,HDFCAMC - HDFCVALUE,1.0,1.0
22592,HEALTHADD,DSPAMC - HEALTHADD,1.0,1.0
3626,HEALTHIETF,ICICIPRAMC - ICICIPHARM,1.0,1.0
6297,HEALTHY,BIRLASLAMC - HEALTHY,1.0,1.0
7425,HECPROJECT,HEC INFRA PROJECTS LTD,1.0,1.0
1336,HEG,HEG LTD,1.0,5.0
2316,HEIDELBERG,HEIDELBERGCEMENT (I) LTD,1.0,1.0
701,HEMIPROP,HEMISPHERE PROP IND LTD,1.0,1.0
15288,HERCULES,HERCULES HOI. LTD.,1.0,1.0
4598,HERITGFOOD,HERITAGE FOODS LTD,1.0,5.0
1348,HEROMOTOCO,HERO MOTOCORP LIMITED,1.0,10.0
7048,HESTERBIO,HESTER BIOSCIENCES LTD,1.0,10.0
715,HEUBACHIND,HEUBACH COLORANTS IND LTD,1.0,5.0
27008,HEXATRADEX,HEXA TRADEX LIMITED,1.0,1.0
29666,HEXT,HEXAWARE TECHNOLOGIES LTD,1.0,5.0
21951,HFCL,HFCL LIMITED,1.0,1.0
1672,HGINFRA,H.G.INFRA ENGINEERING LTD,1.0,10.0
14712,HGS,HINDUJA GLOBAL SOLS. LTD.,1.0,5.0
9668,HIKAL,HIKAL LIMITED,1.0,5.0
1360,HIMATSEIDE,HIMATSINGKA SEIDE LTD,1.0,1.0
1363,HINDALCO,HINDALCO  INDUSTRIES  LTD,1.0,5.0
1372,HINDCOMPOS,HINDUSTAN COMPOSITES LTD.,1.0,5.0
4920,HINDCON,HINDCON CHEMICALS LIMITED,1.0,1.0
17939,HINDCOPPER,HINDUSTAN COPPER LTD,1.0,1.0
21676,HINDMOTORS,HINDUSTAN MOTORS LIMITED,1.0,1.0
1403,HINDOILEXP,HINDUSTAN OIL EXPLORATION,1.0,1.0
1406,HINDPETRO,HINDUSTAN PETROLEUM CORP,1.0,5.0
1394,HINDUNILVR,HINDUSTAN UNILEVER LTD.,1.0,10.0
15883,HINDWAREAP,HINDWARE HME INOVATON LTD,1.0,5.0
1424,HINDZINC,HINDUSTAN ZINC LIMITED,1.0,5.0
13890,HIRECT,HIND RECTIFIER LIMITED,1.0,10.0
19322,HISARMETAL,HISAR METAL IND. LIMITED,1.0,1.0
2868,HITECH,HI-TECH PIPES LIMITED,1.0,1.0
15161,HITECHCORP,HITECH CORPORATION LTD,1.0,1.0
2289,HLEGLAS,HLE GLASCOAT LIMITED,1.0,5.0
1448,HLVLTD,HLV LIMITED,1.0,1.0
17053,HMAAGRO,HMA AGRO INDUSTRIES LTD,1.0,1.0
19211,HMVL,HINDUSTAN MEDIA VENT LTD,1.0,1.0
12173,HNDFDS,HINDUSTAN FOODS LIMITED,1.0,5.0
18284,HNGSNGBEES,NIP IND ETF HANGSENG BEES,1.0,1.0
2056,HOMEFIRST,HOME FIRST FIN CO IND LTD,1.0,10.0
19813,HONASA,HONASA CONSUMER LIMITED,1.0,5.0
3417,HONAUT,HONEYWELL AUTOMATION IND,1.0,500.0
3138,HONDAPOWER,HONDA I POWER PRODUCT LTD,1.0,10.0
13592,HOVS,HOV SERVICES LTD,1.0,1.0
7376,HPAL,HP ADHESIVES LIMITED,1.0,1.0
11796,HPIL,HINDPRAKASH INDUSTRY LTD,1.0,1.0
18679,HPL,HPL ELECTRIC & POWER LTD,1.0,5.0
14334,HSCL,HIMADRI SPECIALITY CHEM L,1.0,5.0
14203,HUBTOWN,HUBTOWN LIMITED,1.0,1.0
20825,HUDCO,HSG & URBAN DEV CORPN LTD,1.0,1.0
2562,HUHTAMAKI,HUHTAMAKI INDIA LIMITED,1.0,1.0
12809,HYBRIDFIN,HYBRID FINANCIAL SERVICE,1.0,1.0
25844,HYUNDAI,HYUNDAI MOTOR INDIA LTD,1.0,10.0
489,ICEMAKE,ICE MAKE REFRIGERAT LTD,1.0,5.0
522,ICICIB22,ICICIPRAMC - BHARATIWIN,1.0,1.0
4963,ICICIBANK,ICICI BANK LTD.,1.0,10.0
21770,ICICIGI,ICICI LOMBARD GIC LIMITED,1.0,10.0
18652,ICICIPRULI,ICICI PRU LIFE INS CO LTD,1.0,5.0
11987,ICIL,INDO COUNT INDUSTRIES LTD,1.0,5.0
14523,ICRA,ICRA LIMITED,1.0,50.0
1476,IDBI,IDBI BANK LIMITED,1.0,1.0
14366,IDEA,VODAFONE IDEA LIMITED,1.0,1.0
17140,IDEAFORGE,IDEAFORGE TECHNO LTD,1.0,5.0
11184,IDFCFIRSTB,IDFC FIRST BANK LIMITED,1.0,1.0
18783,IDFNIFTYET,BANDHANAMC - IDFNIFTYET,1.0,1.0
13303,IEL,INDIABULLS ENT LTD,1.0,1.0
220,IEX,INDIAN ENERGY EXC LTD,1.0,1.0
1482,IFBAGRO,IFB AGRO INDUSTRIES LTD,1.0,5.0
1485,IFBIND,IFB INDUSTRIES LTD,1.0,10.0
1491,IFCI,IFCI LTD,1.0,1.0
436,IFGLEXPOR,IFGL REFRACTORIES LIMITED,1.0,5.0
634,IGARASHI,IGARASHI MOTORS INDIA LTD,1.0,5.0
28378,IGIL,INTERNATIO GEMM INS (I) L,1.0,5.0
11262,IGL,INDRAPRASTHA GAS LTD,1.0,1.0
14086,IGPL,I G PETROCHEMICALS LTD,1.0,5.0
11809,IIFL,IIFL FINANCE LIMITED,1.0,5.0
13072,IIFLCAPS,IIFL CAPITAL SERVICES LTD,1.0,5.0
19525,IITL,INDUSTRIAL INV TRUST LTD,1.0,1.0
16822,IKIO,IKIO TECHNOLOGIES LIMITED,1.0,1.0
28125,IKS,INVENTURUS KNOWLEDGE SO L,1.0,10.0
7672,IMAGICAA,IMAGICAAWORLD ENT LTD,1.0,1.0
19235,IMFA,INDIAN METALS & FERRO,1.0,5.0
12009,IMPAL,IND MOTOR PART & ACC LTD,1.0,10.0
17507,INCREDIBLE,INCREDIBLE INDUSTRIES LTD,1.0,1.0
16933,INDBANK,INDBANK MERCH BANK,1.0,1.0
23693,INDGN,INDEGENE LIMITED,1.0,5.0
1512,INDHOTEL,THE INDIAN HOTELS CO. LTD,1.0,5.0
1515,INDIACEM,THE INDIA CEMENTS LIMITED,1.0,5.0
1521,INDIAGLYCO,INDIA GLYCOLS LTD,1.0,10.0
10726,INDIAMART,INDIAMART INTERMESH LTD,1.0,10.0
14309,INDIANB,INDIAN BANK,1.0,5.0
4422,INDIANCARD,INDIAN CARD CLOTHING CO.,1.0,5.0
1530,INDIANHUME,INDIAN HUME PIPE CO. LTD.,1.0,5.0
20556,INDIASHLTR,INDIA SHELTER FIN CORP L,1.0,5.0
11195,INDIGO,INTERGLOBE AVIATION LTD,1.0,50.0
2048,INDIGOPNTS,INDIGO PAINTS LIMITED,1.0,10.0
4747,INDNIPPON,INDIA NIPPON ELECT  LTD,1.0,5.0
9116,INDOAMIN,INDO AMINES LIMITED,1.0,1.0
8614,INDOBORAX,INDO BORAX & CHEMICAL LTD,1.0,1.0
11677,INDOCO,INDOCO REMEDIES LTD.,1.0,5.0
10993,INDORAMA,INDO RAMA SYNTHETICS LTD,1.0,1.0
3088,INDOSTAR,INDOSTAR CAPITAL FIN LTD,1.0,5.0
13275,INDOTECH,INDO TECH TRANSFORM LTD.,1.0,10.0
25503,INDOUS,INDO US BIOTECH LTD,1.0,1.0
14952,INDOWIND,INDOWIND ENERGY LTD,1.0,1.0
4751,INDRAMEDCO,INDRAPRASTHA MEDICAL CORP,1.0,5.0
4870,INDSWFTLAB,IND SWIFT LABORATORIES LT,1.0,1.0
11602,INDSWFTLTD,IND-SWIFT LIMITED,1.0,1.0
21957,INDTERRAIN,IND TERRAIN FASHIONS LTD,1.0,1.0
5258,INDUSINDBK,INDUSIND BANK LIMITED,1.0,5.0
29135,INDUSTOWER,INDUS TOWERS LIMITED,1.0,5.0
16249,INFIBEAM,INFIBEAM AVENUES LIMITED,1.0,1.0
11027,INFOBEAN,INFOBEANS TECHNO. LTD.,1.0,5.0
13693,INFOMEDIA,INFOMEDIA PRESS LIMITED,1.0,1.0
20072,INFRABEES,NIP IND ETF INFRA BEES,1.0,1.0
10723,INFRAIETF,ICICIPRAMC - ICICIINFRA,1.0,1.0
1594,INFY,INFOSYS LIMITED,1.0,10.0
1597,INGERRAND,INGERSOLL-RAND INDIA LTD,1.0,10.0
21062,INNOVACAP,INNOVA CAPTAB LIMITED,1.0,5.0
27754,INNOVANA,INNOVANA THINKLABS LTD,1.0,5.0
12188,INOXGREEN,INOX GREEN ENERGY SER LTD,1.0,1.0
20607,INOXINDIA,INOX INDIA LIMITED,1.0,10.0
7852,INOXWIND,INOX WIND LIMITED,1.0,1.0
14657,INSECTICID,INSECTICIDES (I) LTD,1.0,5.0
13730,INSPIRISYS,INSPIRISYS SOLUTIONS LTD,1.0,1.0
5926,INTELLECT,INTELLECT DESIGN ARENA,1.0,10.0
20071,INTENTECH,INTENSE TECHNOLOGIES LTD,1.0,1.0
24909,INTERARCH,INTERARCH BLDNG SOLTN LTD,1.0,10.0
5606,INTLCONV,INTL CONVEYORS LIMITED,1.0,1.0
24870,INVENTURE,INVENTURE GRO & SEC LTD,1.0,1.0
9348,IOB,INDIAN OVERSEAS BANK,1.0,1.0
1624,IOC,INDIAN OIL CORP LTD,1.0,1.0
20413,IOLCP,IOL CHEM AND PHARMA LTD,1.0,1.0
1630,IONEXCHANG,ION EXCHANGE (INDIA) LTD,1.0,5.0
1633,IPCALAB,IPCA LABORATORIES LTD,1.0,10.0
4934,IPL,INDIA PESTICIDES LIMITED,1.0,1.0
15313,IRB,IRB INFRA DEV LTD.,1.0,1.0
4986,IRCON,IRCON INTERNATIONAL LTD,1.0,1.0
13611,IRCTC,INDIAN RAIL TOUR CORP LTD,1.0,5.0
20261,IREDA,INDIAN RENEWABLE ENERGY,1.0,1.0
2029,IRFC,INDIAN RAILWAY FIN CORP L,1.0,1.0
2275,IRISDOREME,IRIS CLOTHINGS LIMITED,1.0,1.0
19597,IRMENERGY,IRM ENERGY LIMITED,1.0,5.0
18479,ISFT,INTRASOFT TECH. LTD,1.0,1.0
3329,ISGEC,ISGEC HEAVY ENG LTD,1.0,10.0
30249,ISHANCH,ISHAN DYES N CHEMICALS L,1.0,1.0
2627,IT,KOTAKMAMC - KOTAKIT,1.0,1.0
19084,ITBEES,NIP IND ETF IT,1.0,1.0
1660,ITC,ITC LTD,1.0,5.0
29251,ITCHOTELS,ITC HOTELS LIMITED,1.0,1.0
19299,ITDC,INDIA TOUR. DEV. CO. LTD.,1.0,5.0
5622,ITDCEM,ITD CEMENTATION INDIA LTD,1.0,5.0
19633,ITETF,MIRAEAMC - ITETF,1.0,1.0
17207,ITETFADD,DSPAMC - DSPITETF,1.0,1.0
1675,ITI,ITI LTD,1.0,5.0
22365,ITIETF,ICICIPRAMC - ICICITECH,1.0,1.0
6711,IVC,IL&FS INVESTMENT MANAGERS,1.0,1.0
1681,IVP,IVP LTD,1.0,1.0
18292,IVZINGOLD,INVESCO INDIA GOLD ETF,1.0,5.0
24217,IVZINNIFTY,INVESCO INDIA NIFTY ETF,1.0,1.0
3776,IWEL,INOX WIND ENERGY LIMITED,1.0,100.0
24067,IXIGO,LE TRAVENUES TECHNOLOGY L,1.0,1.0
5633,J&KBANK,J & K BANK LTD.,1.0,1.0
13211,JAGRAN,JAGRAN PRAKASHAN LIMITED,1.0,1.0
4410,JAGSNPHARM,JAGSONPAL PHARMACEUTICALS,1.0,1.0
11256,JAIBALAJI,JAI BALAJI INDUSTRIES LTD,1.0,1.0
5143,JAICORPLTD,JAI CORP LIMITED,1.0,1.0
5516,JAIPURKURT,NANDANI CREATION LIMITED,1.0,1.0
20778,JAMNAAUTO,JAMNA AUTO IND LTD,1.0,1.0
13982,JASH,JASH ENGINEERING LIMITED,1.0,5.0
4041,JAYAGROGN,JAYANT AGRO ORGANICS LTD,1.0,5.0
1708,JAYBARMARU,JAY BHARAT MARUTI LTD,1.0,1.0
2331,JAYNECOIND,JAYASWAL NECO INDUSTR LTD,1.0,1.0
1720,JAYSREETEA,JAYSHREE TEA & INDUSTRIES,1.0,1.0
1726,JBCHEPHARM,J B CHEMICALS AND PHARMA,1.0,10.0
11655,JBMA,JBM AUTO LIMITED,1.0,5.0
4491,JCHAC,JOHNSON CONTROLS HITACHI,1.0,10.0
7211,JETFREIGHT,JET FREIGHT LOGISTICS LTD,1.0,1.0
23056,JGCHEM,J.G.CHEMICALS LIMITED,1.0,5.0
1756,JINDALPOLY,JINDAL POLY FILMS LIMITED,1.0,5.0
3024,JINDALSAW,JINDAL SAW LIMITED,1.0,1.0
6733,JINDALSTEL,JINDAL STEEL & POWER LTD,1.0,5.0
13875,JINDRILL,JINDAL DRILLING IND. LTD,1.0,5.0
20642,JINDWORLD,JINDAL WORLDWIDE LTD,1.0,1.0
18143,JIOFIN,JIO FIN SERVICES LTD,1.0,5.0
25684,JISLDVREQS,JAIN DVR EQUITY SHARES,1.0,1.0
10397,JISLJALEQS,JAIN IRRIGATION SYSTEMS,1.0,1.0
13270,JKCEMENT,JK CEMENT LIMITED,1.0,50.0
15266,JKIL,JKUMAR INFR.LTD.,1.0,5.0
13491,JKLAKSHMI,JK LAKSHMI CEMENT LTD,1.0,5.0
11860,JKPAPER,JK PAPER LIMITED,1.0,5.0
14435,JKTYRE,JK TYRE & INDUSTRIES LTD,1.0,5.0
18553,JLHL,JUPITER LIFE LINE HOSP L,1.0,10.0
7109,JMA,JULLUNDUR MOT AGENCY LTD,1.0,1.0
13637,JMFINANCIL,JM FINANCIAL LIMITED,1.0,1.0
23621,JNKINDIA,JNK INDIA LIMITED,1.0,5.0
16927,JOCIL,JOCIL LIMITED,1.0,1.0
31507,JPOLYINVST,JIND POL INV & FIN CO LTD,1.0,5.0
11763,JPPOWER,JAIPRAKASH POWER VEN. LTD,1.0,1.0
22663,JSFB,JANA SMALL FIN BANK LTD,1.0,5.0
11236,JSL,JINDAL STAINLESS LIMITED,1.0,5.0
17869,JSWENERGY,JSW ENERGY LIMITED,1.0,5.0
19020,JSWINFRA,JSW INFRASTRUCTURE LTD,1.0,5.0
11723,JSWSTEEL,JSW STEEL LIMITED,1.0,5.0
3237,JTEKTINDIA,JTEKT INDIA LIMITED,1.0,1.0
7287,JTLIND,JTL INDUSTRIES LIMITED,1.0,1.0
29590,JUBLCPL,JUBILANT AGRI N CON PRO L,1.0,10.0
18096,JUBLFOOD,JUBILANT FOODWORKS LTD,1.0,5.0
2783,JUBLINGREA,JUBILANT INGREVIA LIMITED,1.0,5.0
3637,JUBLPHARMA,JUBILANT PHARMOVA LTD,1.0,10.0
10939,JUNIORBEES,NIP IND ETF JUNIOR BEES,1.0,1.0
22824,JUNIPER,JUNIPER HOTELS LIMITED,1.0,5.0
29962,JUSTDIAL,JUSTDIAL LTD.,1.0,5.0
20224,JWL,JUPITER WAGONS LIMITED,1.0,5.0
15146,JYOTHYLAB,JYOTHY LABS LIMITED,1.0,5.0
21334,JYOTICNC,JYOTI CNC AUTOMATION LTD,1.0,10.0
1802,JYOTISTRUC,JYOTI STRUCTURES LTD,1.0,1.0
1808,KAJARIACER,KAJARIA CERAMICS LTD,1.0,10.0
1811,KAKATCEM,KAKATIYA CEM SUGAR &IND L,1.0,1.0
18755,KALAMANDIR,SAI SILKS (KALAMANDIR) L,1.0,1.0
2955,KALYANKJIL,KALYAN JEWELLERS IND LTD,1.0,5.0
1826,KAMATHOTEL,KAMAT HOTELS (I) LTD,1.0,1.0
13457,KAMDHENU,KAMDHENU LIMITED,1.0,1.0
1835,KANORICHEM,KANORIA CHEMICALS & INDUS,1.0,1.0
1196,KANSAINER,KANSAI NEROLAC PAINTS LTD,1.0,5.0
18967,KAPSTON,KAPSTON SERVICES LIMITED,1.0,1.0
24385,KARMAENG,KARMA ENERGY LIMITED,1.0,1.0
1838,KARURVYSYA,KARUR VYSYA BANK LTD,1.0,1.0
15136,KAUSHALYA,KAUSHALYA INFRA DEV LTD.,1.0,5.0
12092,KAYNES,KAYNES TECHNOLOGY IND LTD,1.0,50.0
2354,KBCGLOBAL,KBC GLOBAL LIMITED,1.0,1.0
1841,KCP,KCP LTD,1.0,1.0
4809,KCPSUGIND,KCP SUGAR IND CORP LTD.,1.0,1.0
14908,KDDL,KDDL LIMITED,1.0,10.0
13260,KEC,KEC INTL. LIMITED,1.0,5.0
18220,KECL,KIRLOSKAR ELECTRIC CO LTD,1.0,1.0
778,KEEPLEARN,DSJ KEEP LEARNING LTD,1.0,1.0
13310,KEI,KEI INDUSTRIES LTD.,1.0,10.0
13430,KELLTONTEC,KELLTON TECH SOL LTD,1.0,1.0
13121,KERNEX,KERNEX MICROSYS(I) LTD,1.0,10.0
13359,KFINTECH,KFIN TECHNOLOGIES LIMITED,1.0,10.0
425,KHADIM,KHADIM INDIA LIMITED,1.0,5.0
9641,KHANDSE,KHANDWALA SECURITIES LTD,1.0,1.0
21119,KICL,KALYANI INVEST CO LTD,1.0,50.0
4847,KIMS,KRISHNA INST OF MED SCI L,1.0,5.0
18944,KINGFA,KINGFA SCI & TEC IND LTD.,1.0,10.0
19126,KIOCL,KIOCL LIMITED,1.0,5.0
16639,KIRIINDUS,KIRI INDUSTRIES LIMITED,1.0,5.0
18581,KIRLOSBROS,KIRLOSKAR BROTHERS LTD,1.0,10.0
20936,KIRLOSENG,KIRLOSKAR OIL ENG LTD,1.0,5.0
19025,KIRLOSIND,KIRLOSKAR INDUSTRIES LTD,1.0,10.0
15180,KIRLPNU,KIRLOSKAR PNEUMATIC COM L,1.0,10.0
13381,KKCL,KEWAL KIRAN CLOTHING LTD,1.0,5.0
27084,KMEW,KNOWLEDGE MARINE & EN W L,1.0,10.0
14667,KMSUGAR,K M SUGAR MILLS LTD,1.0,1.0
15283,KNRCON,KNR CONSTRU LTD.,1.0,1.0
3009,KOHINOOR,KOHINOOR FOODS LIMITED,1.0,1.0
16827,KOKUYOCMLN,KOKUYO CAMLIN LIMITED,1.0,1.0
15124,KOLTEPATIL,KOLTE PATIL DEV. LTD.,1.0,5.0
1919,KOPRAN,KOPRAN LTD,1.0,1.0
1922,KOTAKBANK,KOTAK MAHINDRA BANK LTD,1.0,10.0
11647,KOTARISUG,KOTHARI SUG & CHEM LTD.,1.0,1.0
4594,KOTHARIPET,KOTHARI PETROCHEM LTD,1.0,1.0
5528,KOTHARIPRO,KOTHARI PRODUCTS LTD,1.0,1.0
27079,KPEL,K.P. ENERGY LIMITED,1.0,5.0
5108,KPIGREEN,KPI GREEN ENERGY LIMITED,1.0,5.0
1814,KPIL,KALPATARU PROJECT INT LTD,1.0,10.0
9683,KPITTECH,KPIT TECHNOLOGIES LIMITED,1.0,10.0
14912,KPRMILL,KPR MILL LTD.,1.0,10.0
10577,KRBL,KRBL LIMITED,1.0,5.0
1937,KREBSBIO,KREBS BIOCHEMICALS & IND,1.0,1.0
12847,KRISHANA,KRISHANA PHOSCHEM LIMITED,1.0,5.0
6417,KRITI,KRITI INDUSTRIES IND LTD,1.0,1.0
9288,KRITIKA,KRITIKA WIRES LIMITED,1.0,1.0
11432,KRITINUT,KRITI NUTRIENTS LIMITED,1.0,1.0
25643,KRN,KRN HEAT EXCHANGE N REF L,1.0,5.0
24025,KRONOX,KRONOX LAB SCIENCES LTD,1.0,1.0
25252,KROSS,KROSS LIMITED,1.0,1.0
5359,KRSNAA,KRSNAA DIAGNOSTICS LTD,1.0,5.0
1949,KSB,KSB LIMITED,1.0,5.0
14972,KSCL,KAVERI SEED CO. LTD.,1.0,10.0
10407,KSHITIJPOL,KSHITIJ POLYLINE LIMITED,1.0,1.0
18889,KSL,KALYANI STEELS LIMITED,1.0,5.0
11060,KSOLVES,KSOLVES INDIA LIMITED,1.0,5.0
8054,KTKBANK,KARNATAKA BANK LIMITED,1.0,1.0
13870,KUANTUM,KUANTUM PAPERS LIMITED,1.0,1.0
5865,LAGNAM,LAGNAM SPINTEX LIMITED,1.0,1.0
14924,LAL,LORENZINI APPARELS LTD,1.0,1.0
11654,LALPATHLAB,DR. LAL PATH LABS LTD.,1.0,10.0
6407,LAMBODHARA,LAMBODHARA TEXTILES LTD.,1.0,1.0
23027,LANCORHOL,LANCOR HOLDINGS LIMITED,1.0,1.0
13276,LANDMARK,LANDMARK CARS LIMITED,1.0,5.0
14423,LAOPALA,LA OPALA RG LIMITED,1.0,1.0
21713,LASA,LASA SUPERGENERICS LTD,1.0,1.0
6818,LATENTVIEW,LATENT VIEW ANALYTICS LTD,1.0,5.0
19234,LAURUSLABS,LAURUS LABS LIMITED,1.0,5.0
6568,LAXMICOT,LAXMI COTSPIN LIMITED,1.0,1.0
29171,LAXMIDENTL,LAXMI DENTAL LIMITED,1.0,5.0
2606,LEMONTREE,LEMON TREE HOTELS LTD,1.0,1.0
14459,LEXUS,LEXUS GRANITO (INDIA) LTD,1.0,1.0
7902,LFIC,LAKSHMI FIN IND CORP LTD,1.0,1.0
18321,LGBBROSLTD,LG BALAKRISHNAN & BROS,1.0,10.0
19876,LGHL,LAXMI GOLDORNA HOUSE LTD,1.0,5.0
11082,LIBAS,LIBAS CONSU PRODUCTS LTD,1.0,1.0
1994,LIBERTSHOE,LIBERTY SHOES LTD,1.0,5.0
1997,LICHSGFIN,LIC HOUSING FINANCE LTD,1.0,5.0
9480,LICI,LIFE INSURA CORP OF INDIA,1.0,5.0
25640,LICMFGOLD,LIC MF - LIC GOLD ETF,1.0,5.0
6062,LICNETFGSC,LICNAMC - LICNMFET,1.0,1.0
11319,LICNETFN50,LICNAMC - LICNFENGP,1.0,1.0
11441,LICNETFSEN,LICNAMC - LICNFESGP,1.0,1.0
15229,LICNFNHGP,LICNAMC - LICNFNHGP,1.0,1.0
22722,LICNMID100,LICNAMC - LICNMID100,1.0,1.0
578,LIKHITHA,LIKHITHA INFRASTRUC LTD,1.0,5.0
6951,LINC,LINC LIMITED,1.0,1.0
11596,LINCOLN,LINCOLN PHARMA LTD,1.0,5.0
1627,LINDEINDIA,LINDE INDIA LIMITED,1.0,50.0
17572,LIQUID,MIRAEAMC - LIQUID,1.0,1.0
13950,LIQUID1,KOTAKMAMC - KOTAKLIQ,1.0,1.0
23407,LIQUIDADD,DSPAMC - LIQUIDADD,1.0,1.0
11006,LIQUIDBEES,NIP IND ETF LIQUID BEES,1.0,1.0
23915,LIQUIDBETF,BFAM - LIQUIDBETF,1.0,1.0
21750,LIQUIDCASE,ZERODHAAMC - LIQUIDCASE,1.0,1.0
1927,LIQUIDETF,DSP LIQUID ETF,1.0,1.0
4838,LIQUIDIETF,ICICIPRAMC - ICICILIQ,1.0,1.0
27075,LIQUIDPLUS,MIRAEAMC - LIQUIDPLUS,1.0,1.0
19705,LIQUIDSBI,SBIAMC - LIQUIDSBI,1.0,1.0
24374,LIQUIDSHRI,SHRIRAM - LIQUIDSHRI,1.0,1.0
17801,LLOYDSENGG,LLOYDS ENGG WORK LIMITED,1.0,1.0
25807,LLOYDSENT,LLOYDS ENTERPRISES LTD,1.0,1.0
17313,LLOYDSME,LLOYDS METALS N ENERGY L,1.0,10.0
1979,LMW,LMW LIMITED,1.0,100.0
3220,LODHA,MACROTECH DEVELOPERS LTD,1.0,10.0
18232,LORDSCHLO,LORDS CHLORO ALKALI LTD,1.0,1.0
16807,LOTUSEYE,LOTUS EYE HOSP & INST L,1.0,1.0
22415,LOVABLE,LOVABLE LINGERIE LTD,1.0,1.0
14786,LOWVOL,MIRAEAMC - MANV30F,1.0,1.0
8632,LOWVOL1,KOTAKMAMC - KOTAKLOVOL,1.0,1.0
21254,LOWVOLIETF,ICICI PR NIF LW VL 30 ETF,1.0,1.0
16863,LPDC,LANDMARK PR.DEV.CO.LTD,1.0,1.0
11483,LT,LARSEN & TOUBRO LTD.,1.0,10.0
24948,LTF,L&T FINANCE LIMITED,1.0,1.0
13816,LTFOODS,LT FOODS LIMITED,1.0,5.0
17700,LTGILTBEES,NIP IND ETF LONGTERM GILT,1.0,1.0
17818,LTIM,LTIMINDTREE LIMITED,1.0,50.0
18564,LTTS,L&T TECHNOLOGY SER. LTD.,1.0,10.0
2018,LUMAXIND,LUMAX INDUSTRIES LTD,1.0,10.0
14014,LUMAXTECH,LUMAX AUTO TECH LTD,1.0,5.0
10440,LUPIN,LUPIN LIMITED,1.0,10.0
11301,LUXIND,LUX INDUSTRIES LIMITED,1.0,10.0
2841,LXCHEM,LAXMI ORGANIC INDUS LTD,1.0,1.0
2028,LYKALABS,LYKA LABS LTD,1.0,1.0
31468,LYPSAGEMS,LYPSA GEMS & JEWEL LTD,1.0,1.0
2031,M&M,MAHINDRA & MAHINDRA LTD,1.0,10.0
13285,M&MFIN,M&M FIN. SERVICES LTD,1.0,5.0
15017,MAANALU,MAAN ALUMINIUM LIMITED,1.0,1.0
15151,MADHAV,MADHAV MARBLE & GRANITE,1.0,1.0
13671,MADHUCON,MADHUCON PROJECTS LTD.,1.0,1.0
4911,MADRASFERT,MADRAS FERTILISERS LTD,1.0,1.0
3507,MAFANG,MIRAEAMC - MAFANG,1.0,1.0
21392,MAGADSUGAR,MAGADH SUGAR & ENERGY LTD,1.0,5.0
14957,MAGNUM,MAGNUM VENTURES LTD.,1.0,1.0
11377,MAHABANK,BANK OF MAHARASHTRA,1.0,1.0
5239,MAHAPEXLTD,MAHA RASHTRA APEX COPR. L,1.0,1.0
17603,MAHEPC,MAHINDRA EPC IRRIG LTD,1.0,1.0
9576,MAHESHWARI,MAHESHWARI LOGISTICS LTD.,1.0,1.0
7074,MAHKTECH,MIRAEAMC - MAHKTECH,1.0,1.0
8050,MAHLIFE,MAHINDRA LIFESPACE DEVLTD,1.0,5.0
385,MAHLOG,MAHINDRA LOGISTIC LIMITED,1.0,5.0
2085,MAHSCOOTER,MAHARASHTRA SCOOTERS LTD,1.0,100.0
2088,MAHSEAMLES,MAHARASHTRA SEAMLESS LTD,1.0,5.0
24538,MAITHANALL,MAITHAN ALLOYS LTD,1.0,10.0
7979,MAKEINDIA,MIRAEAMC - MAMFGETF,1.0,1.0
7965,MALLCOM,MALLCOM (INDIA) LIMITED,1.0,10.0
13352,MALUPAPER,MALU PAPER MILLS LIMITED,1.0,1.0
28687,MAMATA,MAMATA MACHINERY LIMITED,1.0,5.0
7420,MANAKALUCO,MANAK ALUMINIUM CO. LTD.,1.0,1.0
7413,MANAKCOAT,MAN COAT METAL & IND LTD,1.0,1.0
15199,MANAKSIA,MANAKSIA LTD.,1.0,1.0
13796,MANALIPETC,MANALI PETROCHEMICALS LT,1.0,1.0
19061,MANAPPURAM,MANAPPURAM FINANCE LTD,1.0,1.0
25597,MANBA,MANBA FINANCE LIMITED,1.0,1.0
24823,MANCREDIT,MANGAL CREDIT N FINCORP L,1.0,1.0
11817,MANGALAM,MANGALAM DRUG & CHEM LTD,1.0,1.0
15007,MANGCHEFER,MANG.CHEM.FERT.LTD,1.0,5.0
2106,MANGLMCEM,MANGALAM CEMENT LTD,1.0,5.0
11884,MANINDS,MAN INDUSTRIES (I) LTD.,1.0,5.0
18226,MANINFRA,MAN INFRA LTD,1.0,1.0
15380,MANKIND,MANKIND PHARMA LIMITED,1.0,10.0
13753,MANOMAY,MANOMAY TEX INDIA LTD,1.0,1.0
10227,MANORAMA,MANORAMA INDUSTRIES LTD,1.0,10.0
13572,MANUGRAPH,MANUGRAPH INDIA LIMITED,1.0,1.0
8167,MANYAVAR,VEDANT FASHIONS LIMITED,1.0,5.0
7227,MAPMYINDIA,C.E. INFO SYSTEMS LIMITED,1.0,10.0
2112,MARALOVER,MARAL OVERSEAS LTD,1.0,1.0
18659,MARATHON,MARATHON NXTGEN REALT LTD,1.0,5.0
4067,MARICO,MARICO LIMITED,1.0,5.0
1328,MARINE,MARINE ELECTRICAL (I) LTD,1.0,1.0
10579,MARKSANS,MARKSANS PHARMA LIMITED,1.0,5.0
10999,MARUTI,MARUTI SUZUKI INDIA LTD.,1.0,100.0
199,MASFIN,MAS FINANCIAL SERV LTD,1.0,5.0
5782,MASPTOP50,MIRAEAMC - MASPTOP50,1.0,1.0
2124,MASTEK,MASTEK LTD,1.0,10.0
27047,MASTERTR,MASTER TRUST LIMITED,1.0,1.0
21726,MATRIMONY,MATRIMONY.COM LIMITED,1.0,5.0
17022,MAWANASUG,MAWANA SUGARS LIMITED,1.0,1.0
19646,MAXESTATES,MAX ESTATES LIMITED,1.0,5.0
22377,MAXHEALTH,MAX HEALTHCARE INS LTD,1.0,10.0
22428,MAXIND,MAX INDIA LIMITED,1.0,1.0
28906,MAYURUNIQ,MAYUR UNIQUOTERS LTD,1.0,5.0
18866,MAZDA,MAZDA LIMITED,1.0,5.0
509,MAZDOCK,MAZAGON DOCK SHIPBUIL LTD,1.0,10.0
12686,MBAPL,MADHYA BHARAT AGRO P. LTD,1.0,5.0
18029,MBLINFRA,MBL INFRASTRUCTURE LTD,1.0,1.0
22360,MCL,MADHAV COPPER LIMITED,1.0,1.0
11943,MCLEODRUSS,MCLEOD RUSSEL INDIA LTD.,1.0,1.0
29482,MCLOUD,MAGELLANIC CLOUD LIMITED,1.0,1.0
31181,MCX,MULTI COMMODITY EXCHANGE,1.0,50.0
11956,MEDANTA,GLOBAL HEALTH LIMITED,1.0,10.0
21705,MEDIASSIST,MEDI ASSIST HEALTH SER L,1.0,5.0
6278,MEDICAMEQ,MEDICAMEN BIOTECH LIMITED,1.0,5.0
9667,MEDICO,MEDICO REMEDIES LIMITED,1.0,1.0
7254,MEDPLUS,MEDPLUS HEALTH SERV LTD,1.0,5.0
8153,MEGASTAR,MEGASTAR FOODS LIMITED,1.0,5.0
6961,MENONBE,MENON BEARINGS LIMITED,1.0,1.0
25744,METAL,MIRAEAMC - METAL,1.0,1.0
24861,METALIETF,ICICIPRAMC - METALIETF,1.0,1.0
7242,METROBRAND,METRO BRANDS LIMITED,1.0,10.0
9581,METROPOLIS,METROPOLIS HEALTHCARE LTD,1.0,10.0
2142,MFSL,MAX FINANCIAL SERV LTD,1.0,10.0
1593,MGEL,MANGALAM GLOBAL ENT LTD,1.0,1.0
17534,MGL,MAHANAGAR GAS LTD.,1.0,10.0
7886,MHLXMIRU,MAHALAXMI RUBTECH LIMITED,1.0,1.0
17333,MHRIL,MAHINDRA HOLIDAYS LTD,1.0,5.0
7169,MICEL,MIC ELECTRONICS LTD,1.0,1.0
30469,MID150,KOTAKMAMC - MID150,1.0,1.0
8506,MID150BEES,NIP IND ETF MIDCAP 150,1.0,1.0
24077,MID150CASE,ZERODHAAMC - MID150CASE,1.0,1.0
8077,MIDCAP,KOTAKMAMC - KOTAKMID50,1.0,1.0
8413,MIDCAPETF,MIRAEAMC - MAM150ETF,1.0,1.0
17152,MIDCAPIETF,ICICIPRAMC - ICICIM150,1.0,1.0
2463,MIDHANI,MISHRA DHATU NIGAM LTD,1.0,5.0
7456,MIDQ50ADD,DSPAMC - DSPQ50ETF,1.0,1.0
17702,MIDSELIETF,ICICI PRUD MIDCAP SEL ETF,1.0,1.0
23855,MIDSMALL,MIRAEAMC - MIDSMALL,1.0,1.0
25897,MINDACORP,MINDA CORPORATION LTD,1.0,5.0
18049,MINDTECK,MINDTECK (INDIA) LIMITED,1.0,5.0
4394,MIRZAINT,MIRZA INTERNATIONAL LIMIT,1.0,1.0
8469,MITCON,MITCON CON & ENG SER LTD,1.0,1.0
18562,MITTAL,MITTAL LIFE STYLE LIMITED,1.0,1.0
16736,MKPL,M K PROTEINS LIMITED,1.0,1.0
13844,MMFL,MM FORGINGS LTD,1.0,5.0
16395,MMP,MMP INDUSTRIES LIMITED,1.0,1.0
17957,MMTC,MMTC LIMITED,1.0,1.0
10676,MNC,KOTAKMAMC - KOTAKMNC,1.0,1.0
28046,MOBIKWIK,ONE MOBIKWIK SYSTEMS LTD,1.0,5.0
30065,MOCAPITAL,MOTILALAMC - MOCAPITAL,1.0,1.0
24944,MODEFENCE,MOTILALAMC - MODEFENCE,1.0,1.0
3316,MODISONLTD,MODISON LIMITED,1.0,1.0
2241,MODTHREAD,MODERN THREADS INDIA LTD,1.0,1.0
1507,MOGSEC,MOTILALAMC - G5,1.0,1.0
10508,MOHEALTH,MOTILALAMC - MOHEALTH,1.0,1.0
29423,MOHITIND,MOHIT INDUSTRIES LTD,1.0,1.0
20830,MOIL,MOIL LIMITED,1.0,5.0
757031,MOINFRA,MOTILALAMC - MOINFRA,1.0,1.0
3586,MOKSH,MOKSH ORNAMENTS LIMITED,1.0,1.0
5394,MOL,MEGHMANI ORGANICS LIMITED,1.0,1.0
17625,MOLDTECH,MOLD-TEK TECHNOLOGIES LTD,1.0,1.0
6713,MOLDTKPAC,MOLD-TEK PACKAGING LTD,1.0,5.0
8654,MOLOWVOL,MOTILALAMC - MOLOWVOL,1.0,1.0
21423,MOM100,MOTILAL OS MIDCAP100 ETF,1.0,1.0
10585,MOM30IETF,ICICIPRAMC - ICICIMOM30,1.0,1.0
19289,MOM50,MOTILAL OSWAL M50 ETF,1.0,1.0
10693,MOMENTUM,BIRLASLAMC - MOMENTUM,1.0,1.0
25606,MOMENTUM50,MOTILALAMC - MOMENTUM50,1.0,1.0
757099,MOMGF,MOTILALAMC - MOMGF,1.0,1.0
8182,MOMOMENTUM,MOTILALAMC - MOMOMENTUM,1.0,1.0
22739,MON100,MOTILAL OS NASDAQ100 ETF,1.0,1.0
756900,MON50EQUAL,MOTILALAMC - MON50EQUAL,1.0,1.0
7679,MONARCH,MONARCH NETWORTH CAP LTD,1.0,5.0
757167,MONEXT50,MOTILALAMC - MONEXT50,1.0,1.0
19237,MONIFTY500,MOTILALAMC - MONIFTY500,1.0,1.0
7422,MONQ50,MOTILALAMC - MONQ50,1.0,1.0
5938,MONTECARLO,MONTE CARLO FASHIONS LTD.,1.0,5.0
10822,MOQUALITY,MOTILALAMC - MOQUALITY,1.0,1.0
23184,MOREALTY,MOTILALAMC - MOREALTY,1.0,1.0
2259,MOREPENLAB,MOREPEN LAB. LTD,1.0,1.0
29459,MOSCHIP,MOSCHIP TECHNOLOGIES LTD,1.0,1.0
23181,MOSMALL250,MOTILALAMC - MOSMALL250,1.0,1.0
4204,MOTHERSON,SAMVRDHNA MTHRSN INTL LTD,1.0,1.0
14947,MOTILALOFS,MOTILAL OSWAL FIN LTD,1.0,5.0
20788,MOTISONS,MOTISONS JEWELLERS LTD,1.0,1.0
2268,MOTOGENFIN,MOTOR & GENERAL FINANCE L,1.0,1.0
10825,MOVALUE,MOTILALAMC - MOVALUE,1.0,1.0
4503,MPHASIS,MPHASIS LIMITED,1.0,10.0
10578,MPSLTD,MPS LIMITED,1.0,10.0
2277,MRF,MRF LTD,1.0,500.0
2283,MRPL,MRPL,1.0,1.0
29758,MSCIINDIA,KOTAKMAMC - MSCIINDIA,1.0,1.0
11919,MSPL,MSP STEEL & POWER LTD.,1.0,1.0
9356,MSTCLTD,MSTC LIMITED,1.0,5.0
8596,MSUMI,MOTHERSON SUMI WRNG IND L,1.0,1.0
2709,MTARTECH,MTAR TECHNOLOGIES LIMITED,1.0,10.0
2294,MTNL,MAHANAGAR TELEPHONE NIGAM,1.0,1.0
19783,MUFIN,MUFIN GREEN FINANCE LTD,1.0,1.0
20878,MUFTI,CREDO BRANDS MARKETING L,1.0,1.0
11325,MUKANDLTD,MUKAND LTD.,1.0,1.0
22980,MUKKA,MUKKA PROTEINS LIMITED,1.0,1.0
8687,MUKTAARTS,MUKTA ARTS LIMITED,1.0,1.0
25080,MULTICAP,MIRAEAMC - MULTICAP,1.0,1.0
13511,MUNJALAU,MUNJAL AUTO IND. LTD.,1.0,1.0
2307,MUNJALSHOW,MUNJAL SHOWA LTD,1.0,1.0
2313,MURUDCERA,MURUDESHWAR CERAMICS LTD,1.0,1.0
10415,MUTHOOTCAP,MUTHOOT CAP SERV LTD,1.0,5.0
23650,MUTHOOTFIN,MUTHOOT FINANCE LIMITED,1.0,10.0
20831,MUTHOOTMF,MUTHOOT MICROFIN LIMITED,1.0,1.0
19015,MVGJL,MANOJ VAIBHAV GEM N JEW L,1.0,1.0
12848,N1NSETEST,N1NSETEST,1.0,5.0
14942,NAGREEKCAP,NAGREEKA CAP & INFR.LTD,1.0,1.0
14702,NAGREEKEXP,NAGREEKA EXPORTS LTD.,1.0,1.0
15360,NAHARCAP,NAHAR CAP & FIN.,1.0,5.0
13106,NAHARINDUS,NAHAR INDS ENT LTD,1.0,1.0
14440,NAHARSPING,NAHAR SPINNING MILLS LTD.,1.0,5.0
357,NAM-INDIA,NIPPON L I A M LTD,1.0,5.0
11627,NARMADA,NARMADA AGROBASE LIMITED,1.0,1.0
29583,NATCAPSUQ,NATURAL CAPSULES LIMITED,1.0,1.0
3918,NATCOPHARM,NATCO PHARMA LTD.,1.0,5.0
11065,NATHBIOGEN,NATH BIO-GENES (I) LTD,1.0,1.0
6364,NATIONALUM,NATIONAL ALUMINIUM CO LTD,1.0,1.0
13751,NAUKRI,INFO EDGE (I) LTD,1.0,10.0
4014,NAVA,NAVA LIMITED,1.0,5.0
14672,NAVINFLUOR,NAVIN FLUORINE INT. LTD,1.0,10.0
10557,NAVKARCORP,NAVKAR CORPORATION LTD.,1.0,1.0
29146,NAVKARURB,NAVKAR URBANSTRUCTURE LTD,1.0,1.0
2385,NAVNETEDUL,NAVNEET EDUCATION LTD,1.0,1.0
2987,NAZARA,NAZARA TECHNOLOGIES LTD,1.0,10.0
31415,NBCC,NBCC (INDIA) LIMITED,1.0,1.0
19111,NBIFIN,N.B.I. IND. FIN. CO. LTD,1.0,10.0
2319,NCC,NCC LIMITED,1.0,1.0
14490,NCLIND,NCL INDUSTRIES LIMITED,1.0,1.0
18371,NDGL,NAGA DHUNSERI GROUP LTD,1.0,10.0
31258,NDL,NANDAN DENIM LIMITED,1.0,1.0
22255,NDRAUTO,NDR AUTO COMPONENTS LTD,1.0,5.0
11427,NDTV,NDTV LTD,1.0,1.0
13522,NECCLTD,NORTH EAST CARRY CORP LTD,1.0,1.0
11927,NECLIFE,NECTAR LIFESCIENCES LTD.,1.0,1.0
14761,NELCAST,NELCAST LIMITED,1.0,1.0
2388,NELCO,NELCO LTD,1.0,5.0
9917,NEOGEN,NEOGEN CHEMICALS LIMITED,1.0,10.0
15409,NESCO,NESCO LTD.,1.0,5.0
17963,NESTLEIND,NESTLE INDIA LIMITED,1.0,10.0
7838,NETF,TATAAML - NETF,1.0,1.0
17433,NETWEB,NETWEB TECH INDIA LTD,1.0,10.0
14111,NETWORK18,NETWORK18 MEDIA & INV LTD,1.0,1.0
2406,NEULANDLAB,NEULAND LAB LTD.,1.0,100.0
1164,NEWGEN,NEWGEN SOFTWARE TECH LTD,1.0,10.0
29464,NEXT30ADD,DSPAMC - NEXT30ADD,1.0,1.0
17181,NEXT50,MIRAEAMC - MANXT50,1.0,1.0
4529,NEXT50IETF,ICICIPRAMC - ICICINXT50,1.0,1.0
13925,NFL,NATIONAL FERT. LTD,1.0,1.0
5401,NGIL,NAKODA GROUP OF IND. LTD,1.0,1.0
11840,NH,NARAYANA HRUDAYALAYA LTD.,1.0,10.0
17400,NHPC,NHPC LTD,1.0,1.0
399,NIACL,THE NEW INDIA ASSU CO LTD,1.0,1.0
29487,NIBE,NIBE LIMITED,1.0,10.0
29733,NIBL,NRB INDUS. BEARINGS LTD.,1.0,1.0
29577,NIF100BEES,NIP IND ETF NIFTY 100,1.0,1.0
30392,NIF100IETF,ICICI PRUD NIFTY 100 ETF,1.0,1.0
22524,NIF10GETF,UTIAMC - NIF10GETF,1.0,1.0
22521,NIF5GETF,UTIAMC - NIF5GETF,1.0,1.0
22488,NIFITETF,UTIAMC - NIFITETF,1.0,1.0
18347,NIFMID150,UTIAMC - NIFMID150,1.0,1.0
18102,NIFTY1,KOTAK NIFTY ETF,1.0,1.0
29944,NIFTY100EW,KOTAKMAMC - NIFTY100EW,1.0,1.0
7451,NIFTY50ADD,DSPAMC - DSPN50ETF,1.0,1.0
10576,NIFTYBEES,NIP IND ETF NIFTY BEES,1.0,1.0
21959,NIFTYBETF,BFAM - NIFTYBETF,1.0,1.0
6353,NIFTYETF,MIRAEAMC - MAN50ETF,1.0,1.0
29553,NIFTYIETF,ICICI PRUD NIFTY ETF,1.0,1.0
10690,NIFTYQLITY,BIRLASLAMC - NIFTYQLITY,1.0,1.0
11522,NIITLTD,NIIT LIMITED,1.0,1.0
17747,NIITMTS,NIIT LEARNING SYSTEMS LTD,1.0,5.0
9253,NILAINFRA,NILA INFRASTRUCTURES LTD,1.0,1.0
7411,NILASPACES,NILA SPACES LIMITED,1.0,1.0
2421,NILKAMAL,NILKAMAL LIMITED,1.0,10.0
14194,NINSYS,NINTEC SYSTEMS LIMITED,1.0,5.0
6782,NIPPOBATRY,INDO-NATIONAL LIMITED,1.0,5.0
255,NIRAJ,NIRAJ CEMENT STRUC LTD,1.0,1.0
18840,NIRAJISPAT,NIRAJ ISPAT IND LTD,1.0,5.0
13300,NITCO,NITCO LIMITED,1.0,1.0
13175,NITINSPIN,NITIN SPINNERS LIMITED,1.0,5.0
27097,NIVABUPA,NIVA BUPA HEALTH INS CO L,1.0,1.0
2439,NKIND,NK INDUSTRIES LTD,1.0,1.0
8585,NLCINDIA,NLC INDIA LIMITED,1.0,1.0
15332,NMDC,NMDC LTD.,1.0,1.0
2442,NOCIL,NOCIL LIMITED,1.0,1.0
25426,NORTHARC,NORTHERN ARC CAPITAL LTD,1.0,1.0
22477,NOVAAGRI,NOVA AGRITECH LIMITED,1.0,1.0
12978,NPBET,TATAAML - NPBET,1.0,1.0
756324,NPST,NETWORK PEOPLE SRV TECH L,1.0,10.0
20314,NRAIL,N R AGARWAL INDS LTD,1.0,5.0
7553,NRBBEARING,NRB BEARING LIMITED,1.0,5.0
13675,NRL,NUPUR RECYCLERS LIMITED,1.0,1.0
11239,NSIL,NALWA SONS INVESTMENT LTD,1.0,50.0
14180,NSLNISP,NMDC STEEL LIMITED,1.0,1.0
11630,NTPC,NTPC LTD,1.0,5.0
27176,NTPCGREEN,NTPC GREEN ENERGY LIMITED,1.0,1.0
10791,NUCLEUS,NUCLEUS SOFTWARE EXPORTS,1.0,10.0
18721,NUVAMA,NUVAMA WEALTH MANAGE LTD,1.0,50.0
5426,NUVOCO,NUVOCO VISTAS CORP LTD,1.0,5.0
11457,NV20,KOTAKMAMC - KTKNV20ETF,1.0,1.0
9847,NV20BEES,NIP IND ETF ETF NV20,1.0,1.0
17475,NV20IETF,ICICI PRUDENTIAL NV20 ETF,1.0,1.0
6545,NYKAA,FSN E COMMERCE VENTURES,1.0,1.0
10768,OAL,ORIENTAL AROMATICS LTD,1.0,5.0
8797,OBCL,ORISSA BENGAL CARRIER LTD,1.0,1.0
20242,OBEROIRLTY,OBEROI REALTY LIMITED,1.0,10.0
12231,OCCL,ORIENTAL CARBN & CHEM LTD,1.0,1.0
25918,OCCLLTD,OCCL LIMITED,1.0,1.0
10738,OFSS,ORACLE FIN SERV SOFT LTD.,1.0,50.0
17438,OIL,OIL INDIA LTD,1.0,5.0
2472,OILCOUNTUB,OIL COUNTRY TUBULAR LTD,1.0,1.0
24533,OILIETF,ICICIPRAMC - OILIETF,1.0,1.0
24777,OLAELEC,OLA ELECTRIC MOBILITY LTD,1.0,1.0
10637,OLECTRA,OLECTRA GREENTECH LIMITED,1.0,10.0
10922,OMAXAUTO,OMAX AUTOS LTD,1.0,1.0
14853,OMAXE,OMAXE LIMITED,1.0,1.0
24231,OMINFRAL,OM INFRA LIMITED,1.0,1.0
25492,ONELIFECAP,ONELIFE CAP ADVISORS LTD,1.0,1.0
9939,ONEPOINT,ONE POINT ONE SOL LTD,1.0,1.0
29224,ONESOURCE,ONESOURCE SPECL PHARMA L,1.0,10.0
2475,ONGC,OIL AND NATURAL GAS CORP.,1.0,1.0
15278,ONMOBILE,ONMOBILE GLOBAL LTD.,1.0,1.0
2481,ONWARDTEC,ONWARD TECHNOLOGIES LTD,1.0,5.0
21469,OPTIEMUS,OPTIEMUS INFRACOM LTD,1.0,5.0
31475,ORBTEXP,ORBIT EXPORTS LIMITED,1.0,1.0
926,ORCHPHARMA,ORCHID PHARMA LIMITED,1.0,5.0
10159,ORICONENT,ORICON ENTERPRISES LTD,1.0,1.0
14346,ORIENTALTL,ORIENTAL TRIMEX LTD,1.0,1.0
14278,ORIENTBELL,ORIENT BELL LIMITED,1.0,1.0
30089,ORIENTCEM,ORIENT CEMENT LTD.,1.0,5.0
13111,ORIENTCER,ORIENT CERATECH LIMITED,1.0,1.0
2972,ORIENTELEC,ORIENT ELECTRIC LIMITED,1.0,1.0
2493,ORIENTHOT,ORIENT HOTELS LTD,1.0,1.0
18208,ORIENTLTD,ORIENT PRESS LIMITED,1.0,1.0
2496,ORIENTPPR,ORIENT PAPER AND INDS LTD,1.0,1.0
24961,ORIENTTECH,ORIENT TECHNOLOGIES LTD,1.0,5.0
19931,ORISSAMINE,ORISSA MIN DEV CO LTD,1.0,50.0
12635,OSIAHYPER,OSIA HYPER RETAIL LIMITED,1.0,1.0
2514,OSWALAGRO,OSWAL AGRO MILLS LTD,1.0,1.0
471,OSWALGREEN,OSWAL GREENTECH LIMITED,1.0,1.0
14413,PAGEIND,PAGE INDUSTRIES LTD,1.0,500.0
25468,PAISALO,PAISALO DIGITAL LIMITED,1.0,1.0
17197,PAKKA,PAKKA LIMITED,1.0,1.0
21383,PALASHSECU,PALASH SECURITIES LTD,1.0,1.0
4055,PANACEABIO,PANACEA BIOTEC LTD,1.0,5.0
25392,PANAMAPET,PANAMA PETROCHEM LTD,1.0,5.0
13951,PARACABLES,PARAMOUNT COMM LTD,1.0,1.0
9741,PARADEEP,PARADEEP PHOSPHATES LTD,1.0,1.0
17130,PARAGMILK,PARAG MILK FOODS LTD.,1.0,1.0
5911,PARAS,PARAS DEF AND SPCE TECH L,1.0,10.0
3972,PARASPETRO,PARAS PETROFILS LTD.,1.0,1.0
22649,PARKHOTELS,PARKHOTELS,1.0,1.0
13791,PARSVNATH,PARSVNATH DEVELOPER LTD,1.0,1.0
17029,PATANJALI,PATANJALI FOODS LIMITED,1.0,10.0
11699,PATELENG,PATEL ENGINEERING LTD.,1.0,1.0
15219,PATINTLOG,PATEL INT. LOG. LTD,1.0,1.0
16192,PAVNAIND,PAVNA INDUSTRIES LIMITED,1.0,5.0
6705,PAYTM,ONE 97 COMMUNICATIONS LTD,1.0,5.0
2649,PCBL,PCBL CHEMICAL LIMITED,1.0,5.0
29124,PCJEWELLER,PC JEWELLER LTD,1.0,1.0
5264,PDSL,PDS LIMITED,1.0,5.0
2610,PEARLPOLY,PEARL POLYMERS LTD,1.0,1.0
2412,PEL,PIRAMAL ENTERPRISES LTD,1.0,10.0
20621,PENIND,PENNAR INDUSTRIES LTD,1.0,1.0
18365,PERSISTENT,PERSISTENT SYSTEMS LTD,1.0,50.0
11351,PETRONET,PETRONET LNG LIMITED,1.0,5.0
14299,PFC,POWER FIN CORP LTD.,1.0,5.0
2643,PFIZER,PFIZER LTD,1.0,50.0
13496,PFOCUS,PRIME FOCUS LIMITED,1.0,1.0
22602,PFS,PTC INDIA FIN SERV LTD,1.0,1.0
25358,PGEL,PG ELECTROPLAST LTD,1.0,5.0
2535,PGHH,P&G HYGIENE & HEALTH CARE,1.0,100.0
940,PGHL,PROCTER & GAMBLE HEALTH L,1.0,50.0
14260,PGIL,PEARL GLOBAL IND LIMITED,1.0,10.0
4973,PHARMABEES,NIPPONAMC - NETFPHARMA,1.0,1.0
14552,PHOENIXLTD,THE PHOENIX MILLS LTD,1.0,10.0
2664,PIDILITIND,PIDILITE INDUSTRIES LTD,1.0,10.0
24184,PIIND,PI INDUSTRIES LTD,1.0,10.0
11445,PILANIINVS,PILANI INV & IND COR LTD,1.0,10.0
30835,PILITA,PIL ITALICA LIFESTYLE LTD,1.0,1.0
13463,PIONEEREMB,PIONEER EMBROIDERIES LTD,1.0,1.0
14134,PITTIENG,PITTI ENGINEERING LIMITED,1.0,5.0
9087,PIXTRANS,PIX TRANSMISSIONS LIMITED,1.0,10.0
10321,PKTEA,THE P K TEA PROD CO LTD,1.0,5.0
13920,PLASTIBLEN,PLASTIBLENDS INDIA LTD,1.0,1.0
22930,PLATIND,PLATINUM INDUSTRIES LTD,1.0,5.0
19458,PLAZACABLE,PLAZA WIRES LIMITED,1.0,1.0
10666,PNB,PUNJAB NATIONAL BANK,1.0,1.0
8736,PNBGILTS,PNB GILTS LIMITED,1.0,1.0
18908,PNBHOUSING,PNB HOUSING FIN LTD.,1.0,10.0
9385,PNCINFRA,PNC INFRATECH LTD.,1.0,5.0
25312,PNGJL,P N GADGIL JEWELLERS LTD,1.0,5.0
14385,POCL,PONDY OXIDES & CHEM LTD,1.0,5.0
19036,PODDARMENT,PODDAR PIGMENTS LIMITED,1.0,5.0
17651,POKARNA,POKARNA LIMITED,1.0,10.0
6656,POLICYBZR,PB FINTECH LIMITED,1.0,10.0
9590,POLYCAB,POLYCAB INDIA LIMITED,1.0,50.0
25718,POLYMED,POLY MEDICURE LIMITED,1.0,10.0
2687,POLYPLEX,POLYPLEX CORPORATION LTD,1.0,10.0
10661,PONNIERODE,PONNIE SUGARS (ERODE) LTD,1.0,5.0
11403,POONAWALLA,POONAWALLA FINCORP LTD,1.0,5.0
14977,POWERGRID,POWER GRID CORP. LTD.,1.0,5.0
18457,POWERINDIA,HITACHI ENERGY INDIA LTD,1.0,100.0
10473,POWERMECH,POWER MECH PROJECTS LTD.,1.0,10.0
15209,PPAP,PPAP AUTOMOTIVE LIMITED,1.0,1.0
10297,PPL,PRAKASH PIPES LIMITED,1.0,5.0
11571,PPLPHARMA,PIRAMAL PHARMA LIMITED,1.0,1.0
30134,PRABHA,PRABHA ENERGY LIMITED,1.0,1.0
13941,PRAENG,PRAJAY ENG. SYN. LTD.,1.0,1.0
2705,PRAJIND,PRAJ INDUSTRIES LTD,1.0,5.0
2708,PRAKASH,PRAKASH INDUSTRIES LTD,1.0,1.0
19599,PRAKASHSTL,PRAKASH STEELAGE LTD,1.0,1.0
12603,PRECAM,PRECISION CAMSHAFTS LTD.,1.0,1.0
2711,PRECOT,PRECOT LIMITED,1.0,5.0
2717,PRECWIRE,PRECISION WIRES INDIA LTD,1.0,1.0
17397,PREMEXPLN,PREMIER EXPLOSIVES LTD,1.0,5.0
25049,PREMIERENE,PREMIER ENERGIES LIMITED,1.0,10.0
3908,PREMIERPOL,PREMIER POLYFILM LTD,1.0,1.0
20302,PRESTIGE,PRESTIGE ESTATE LTD,1.0,10.0
19631,PRICOLLTD,PRICOL LIMITED,1.0,5.0
11864,PRIMESECU,PRIME SECURITIES LIMITED,1.0,1.0
756925,PRIMO,PRIMO CHEMICALS LIMITED,1.0,1.0
16045,PRINCEPIPE,PRINCE PIPES FITTINGS LTD,1.0,5.0
8304,PRITI,PRITI INTERNATIONAL LTD,1.0,1.0
5292,PRITIKAUTO,PRITIKA AUTO INDUS LTD,1.0,1.0
8825,PRIVISCL,PRIVI SPECIALITY CHE LTD,1.0,10.0
29472,PROTEAN,PROTEAN EGOV TECHNO LTD,1.0,5.0
2739,PRSMJOHNSN,PRISM JOHNSON LIMITED,1.0,1.0
9553,PRUDENT,PRUDENT CORP ADV SER LTD,1.0,10.0
20527,PRUDMOULI,PRUDENTIAL SUGAR CORPORAT,1.0,1.0
21001,PSB,PUNJAB & SIND BANK,1.0,1.0
20877,PSPPROJECT,PSP PROJECTS LIMITED,1.0,5.0
15061,PSUBANK,KOTAK PSU BANK,1.0,1.0
17616,PSUBANKADD,DSPAMC - DSPPSBKETF,1.0,1.0
15032,PSUBNKBEES,NIP IND ETF PSU BANK BEES,1.0,1.0
14584,PSUBNKIETF,ICICIPRAMC - PSUBANKICI,1.0,1.0
11355,PTC,PTC INDIA LIMITED,1.0,1.0
16682,PTCIL,PTC INDUSTRIES LIMITED,1.0,100.0
14101,PTL,PTL ENTERPRISES LTD,1.0,1.0
4344,PUNJABCHEM,PUNJAB CHEM & CROP PROT L,1.0,10.0
14922,PURVA,PURAVANKARA LIMITED,1.0,5.0
4010,PVP,PVP VENTURES LIMITED,1.0,1.0
13147,PVRINOX,PVR INOX LIMITED,1.0,5.0
23142,PVSL,POPULAR VEHICLES N SER L,1.0,1.0
11386,PVTBANIETF,ICICIPRAMC - ICICIBANKP,1.0,1.0
17576,PVTBANKADD,DSPAMC - DSPPVBKETF,1.0,1.0
18250,PYRAMID,PYRAMID TECHNOPLAST LTD,1.0,1.0
15330,QGOLDHALF,QUANTUM GOLD FUND,1.0,1.0
16819,QNIFTY,QUANTUM NIFTY 50 ETF,1.0,1.0
29711,QPOWER,QUALITY POWER ELEC EQUP L,1.0,5.0
29087,QUADFUTURE,QUADRANT FUTURE TEK LTD,1.0,5.0
17808,QUAL30IETF,ICICIPRAMC - ICICIQTY30,1.0,1.0
17704,QUESS,QUESS CORP LIMITED,1.0,5.0
13116,QUICKHEAL,QUICK HEAL TECH LTD,1.0,5.0
15391,RACE,RACE ECO CHAIN LIMITED,1.0,5.0
27171,RACLGEAR,RACL GEARTECH LIMITED,1.0,5.0
10932,RADAAN,RADAAN MEDIAWORKS (I) LTD,1.0,1.0
10343,RADHIKAJWE,RADHIKA JEWELTECH LIMITED,1.0,1.0
13580,RADIANTCMS,RADIANT CASH MGMT SER LTD,1.0,1.0
10990,RADICO,RADICO KHAITAN LTD,1.0,10.0
19877,RADIOCITY,MUSIC BROADCAST LIMITED,1.0,1.0
2431,RAILTEL,RAILTEL CORP OF IND LTD,1.0,5.0
15337,RAIN,RAIN INDUSTRIES LIMITED,1.0,1.0
9408,RAINBOW,RAINBOW CHILDRENS MED LTD,1.0,10.0
7401,RAJESHEXPO,RAJESH EXPORTS LTD,1.0,1.0
757049,RAJOOENG,RAJOO ENGINEERS LIMITED,1.0,1.0
18962,RAJRATAN,RAJRATAN GLOBAL WIRE LTD,1.0,5.0
2809,RAJSREESUG,RAJSHREE SUGAR & CHEMICAL,1.0,1.0
2816,RALLIS,RALLIS INDIA LTD,1.0,5.0
10300,RAMASTEEL,RAMA STEEL TUBES LIMITED,1.0,1.0
2043,RAMCOCEM,THE RAMCO CEMENTS LIMITED,1.0,5.0
4587,RAMCOIND,RAMCO INDUSTRIES LIMITED,1.0,5.0
7851,RAMCOSYS,RAMCO SYSTEMS LTD.,1.0,5.0
20134,RAMKY,RAMKY INFRA LTD,1.0,5.0
10485,RAMRAT,RAM RATNA WIRES LIMITED,1.0,5.0
2837,RANASUG,RANA SUGARS LTD.,1.0,1.0
2844,RANEHOLDIN,RANE HOLDINGS LIMITED,1.0,10.0
7177,RATEGAIN,RATEGAIN TRAVEL TECHN LTD,1.0,5.0
13451,RATNAMANI,RATNAMANI MET & TUB LTD.,1.0,10.0
18423,RATNAVEER,RATNAVEER PRECISION ENG L,1.0,1.0
2859,RAYMOND,RAYMOND LTD,1.0,5.0
25073,RAYMONDLSL,RAYMOND LIFESTYLE LIMITED,1.0,10.0
1494,RBA,RESTAURANT BRAND ASIA LTD,1.0,1.0
18391,RBLBANK,RBL BANK LIMITED,1.0,1.0
2866,RCF,RASHTRIYA CHEMICALS & FER,1.0,1.0
15355,RECLTD,REC LIMITED,1.0,5.0
14255,REDINGTON,REDINGTON LIMITED,1.0,5.0
17859,REDTAPE,REDTAPE LIMITED,1.0,1.0
17764,REFEX,REFEX INDUSTRIES LIMITED,1.0,5.0
4130,REGENCERAM,REGENCY CERAMICS LTD.,1.0,1.0
24225,RELAXO,RELAXO FOOT LTD.,1.0,5.0
9652,RELCHEMQ,RELIANCE CHEMOTEX IND LTD,1.0,1.0
24378,RELIABLE,RELIABLE DATA SERVICE LTD,1.0,1.0
2885,RELIANCE,RELIANCE INDUSTRIES LTD,1.0,10.0
15068,RELIGARE,RELIGARE ENTER. LTD.,1.0,1.0
553,RELINFRA,RELIANCE INFRASTRUCTU LTD,1.0,5.0
24596,RELTD,RAVINDRA ENERGY LIMITED,1.0,1.0
3965,REMSONSIND,REMSONS INDUSTRIES LTD,1.0,1.0
12026,RENUKA,SHREE RENUKA SUGARS LTD,1.0,1.0
29598,REPCOHOME,REPCO HOME FINANCE LTD,1.0,5.0
1480,REPL,RUDRABHISHEK ENTERP LTD,1.0,1.0
13126,REPRO,REPRO INDIA LIMITED,1.0,5.0
20323,RESPONIND,RESPONSIVE INDUSTRIES LTD,1.0,1.0
24145,RETAIL,JHS SVENDGAARD RETAIL V L,1.0,1.0
15129,RGL,RENAISSANCE GLOBAL LTD,1.0,1.0
21733,RHFL,RELIANCE HOME FINANCE LTD,1.0,1.0
31163,RHIM,RHI MAGNESITA INDIA LTD,1.0,5.0
15157,RHL,ROBUST HOTELS LIMITED,1.0,1.0
2909,RICOAUTO,RICO AUTO INDUSTRIES LTD,1.0,1.0
2912,RIIL,RELIANCE INDUSTRIAL INFRA,1.0,5.0
18417,RISHABH,RISHABH INSTRUMENTS LTD,1.0,5.0
8944,RITCO,RITCO LOGISTICS LIMITED,1.0,5.0
3761,RITES,RITES LIMITED,1.0,5.0
20950,RKDL,RAVI KUMAR DIST. LTD.,1.0,1.0
1547,RKEC,RKEC PROJECTS LIMITED,1.0,1.0
11411,RKFORGE,RAMKRISHNA FORGINGS LTD,1.0,5.0
23043,RKSWAMY,R K SWAMY LIMITED,1.0,1.0
11975,RML,RANE (MADRAS) LIMITED,1.0,5.0
13182,ROHLTD,ROYAL ORCHID HOTELS LTD,1.0,5.0
5279,ROLEXRINGS,ROLEX RINGS LIMITED,1.0,10.0
359,ROML,RAJ OIL MILLS LIMITED,1.0,1.0
19410,ROSSARI,ROSSARI BIOTECH LIMITED,1.0,5.0
9049,ROTO,ROTO PUMPS LIMITED,1.0,5.0
128,ROUTE,ROUTE MOBILE LIMITED,1.0,5.0
24735,RPEL,RAGHAV PRODUCTIVITY ENH L,1.0,5.0
16725,RPGLIFE,RPG LIFE SCIENCES LTD,1.0,10.0
15259,RPOWER,RELIANCE POWER LTD.,1.0,1.0
6913,RPPL,RAJSHREE POLYPACK LTD,1.0,1.0
8119,RPSGVENT,RPSG VENTURES LIMITED,1.0,5.0
22670,RPTECH,RASHI PERIPHERALS LIMITED,1.0,5.0
18566,RRKABEL,R R KABEL LIMITED,1.0,10.0
2794,RSWM,RSWM LIMITED,1.0,1.0
13414,RSYSTEMS,R SYS INTERNATIONAL LTD,1.0,5.0
27297,RTNINDIA,RATTANINDIA ENT LIMITED,1.0,1.0
17520,RTNPOWER,RATTANINDIA POWER LIMITED,1.0,1.0
24730,RUBFILA,RUBFILA INTERNATIONAL LTD,1.0,1.0
2939,RUBYMILLS,THE RUBY MILLS LTD,1.0,1.0
4566,RUCHINFRA,RUCHI INFRASTRUCTURE LTD,1.0,1.0
13821,RUCHIRA,RUCHIRA PAPERS LIMITED,1.0,1.0
25724,RUPA,RUPA & COMPANY LTD,1.0,1.0
24595,RUSHIL,RUSHIL DECOR LIMITED,1.0,1.0
12219,RUSTOMJEE,KEYSTONE REALTORS LIMITED,1.0,5.0
1565,RVHL,RAVINDER HEIGHTS LIMITED,1.0,1.0
9552,RVNL,RAIL VIKAS NIGAM LIMITED,1.0,5.0
10618,SADBHIN,SADBHAV INFRA PROJ LTD.,1.0,1.0
13035,SAFARI,SAFARI IND (INDIA) LTD,1.0,10.0
8175,SAGARDEEP,SAGARDEEP ALLOYS LIMITED,1.0,1.0
14068,SAGCEM,SAGAR CEMENTS LIMITED,1.0,1.0
27052,SAGILITY,SAGILITY INDIA LIMITED,1.0,1.0
13689,SAH,SAH POLYMERS LIMITED,1.0,1.0
14900,SAHYADRI,SAHYADRI INDUSTRIES LTD,1.0,5.0
2963,SAIL,STEEL AUTHORITY OF INDIA,1.0,1.0
27839,SAILIFE,SAI LIFE SCIENCES LIMITED,1.0,5.0
9539,SAKAR,SAKAR HEALTHCARE LIMITED,1.0,5.0
2969,SAKHTISUG,SAKTHI SUGARS LTD,1.0,1.0
11794,SAKSOFT,SAKSOFT LIMITED,1.0,1.0
21362,SALASAR,SALASAR TECHNO ENGG. LTD.,1.0,1.0
17351,SALONA,SALONA COTSPIN LTD.,1.0,5.0
11634,SALSTEEL,S.A.L. STEEL LTD.,1.0,1.0
11399,SALZERELEC,SALZER ELECTRONICS LTD,1.0,5.0
18614,SAMHI,SAMHI HOTELS LIMITED,1.0,1.0
30125,SAMMAANCAP,SAMMAAN CAPITAL LIMITED,1.0,1.0
27303,SAMPANN,SAMPANN UTPADAN INDIA LTD,1.0,1.0
28805,SANATHAN,SANATHAN TEXTILES LIMITED,1.0,5.0
2988,SANDESH,SANDESH LTD,1.0,10.0
2397,SANDHAR,SANDHAR TECHNOLOGIES LTD,1.0,5.0
18359,SANDUMA,SANDUR MANG & IRON ORES L,1.0,5.0
4184,SANGAMIND,SANGAM (INDIA) LTD,1.0,5.0
2997,SANGHIIND,SANGHI INDUSTRIES LTD,1.0,1.0
14058,SANGHVIMOV,SANGHVI MOVERS LTD,1.0,5.0
1442,SANOFI,SANOFI INDIA LIMITED,1.0,50.0
25222,SANOFICONR,SANOFI CONS HEALTHC IND L,1.0,50.0
5751,SANSERA,SANSERA ENGINEERING LTD,1.0,10.0
24582,SANSTAR,SANSTAR LIMITED,1.0,1.0
6718,SAPPHIRE,SAPPHIRE FOODS INDIA LTD,1.0,5.0
17758,SARDAEN,SARDA ENERGY & MIN LTD,1.0,5.0
4892,SAREGAMA,SAREGAMA INDIA LIMITED,1.0,5.0
12913,SARVESHWAR,SARVESHWAR FOODS LIMITED,1.0,1.0
11983,SASKEN,SASKEN TECHNOLOGIES LTD,1.0,10.0
20063,SASTASUNDR,SASTASUNDAR VENTURES LTD,1.0,5.0
11045,SATIA,SATIA INDUSTRIES LIMITED,1.0,1.0
10453,SATIN,SATIN CREDIT NET LTD,1.0,1.0
12015,SATINDLTD,SAT INDUSTRIES LIMITED,1.0,1.0
3018,SAURASHCEM,SAURASHTRA CEMENT LIMITED,1.0,1.0
6792,SBC,SBC EXPORTS LIMITED,1.0,1.0
4656,SBCL,SHIVALIK BIMETAL CON. LTD,1.0,5.0
18026,SBFC,SBFC FINANCE LIMITED,1.0,1.0
30290,SBIBPB,SBIAMC - SBIBPB,1.0,1.0
17971,SBICARD,SBI CARDS & PAY SER LTD,1.0,5.0
5168,SBIETFCON,SBIAMC - SBIETFCON,1.0,1.0
740,SBIETFIT,SBIAMC - SBIETFIT,1.0,1.0
722,SBIETFPB,SBIAMC - SBIETFPB,1.0,1.0
7218,SBIETFQLTY,SBIAMC - SBIETFQLTY,1.0,1.0
21808,SBILIFE,SBI LIFE INSURANCE CO LTD,1.0,10.0
3045,SBIN,STATE BANK OF INDIA,1.0,5.0
24524,SBINEQWETF,SBIAMC - SBINEQWETF,1.0,1.0
24366,SBISILVER,SBIAMC - SBISILVER,1.0,1.0
1011,SCHAEFFLER,SCHAEFFLER INDIA LIMITED,1.0,10.0
20698,SCHAND,S CHAND AND COMPANY LTD,1.0,1.0
31234,SCHNEIDER,SCHNEIDER ELECTRIC INFRA,1.0,5.0
3048,SCI,SHIPPING CORP OF INDIA LT,1.0,1.0
23127,SCILAL,SHIPPING CORP OF ILA LTD,1.0,1.0
12072,SCPL,SHEETAL COOL PRODUCTS LTD,1.0,5.0
1338,SDBL,SOM DIST & BREW LTD,1.0,1.0
3022,SDL26BEES,RELCAPAMC-NETFSDL26,1.0,1.0
2616,SEAMECLTD,SEAMEC LIMITED,1.0,5.0
13598,SELAN,SELAN EXPLO. TECH LTD,1.0,5.0
30109,SELECTIPO,MIRAEAMC - SELECTIPO,1.0,1.0
17271,SENCO,SENCO GOLD LIMITED,1.0,5.0
28888,SENORES,SENORES PHARMACEUTICALS L,1.0,5.0
17613,SENSEXADD,DSPAMC - DSPSENXETF,1.0,1.0
19224,SENSEXETF,MIRAEAMC - SENSEXETF,1.0,1.0
4378,SENSEXIETF,ICICI PRUD SENSEX ETF,1.0,1.0
15308,SEPC,SEPC LIMITED,1.0,1.0
14296,SEQUENT,SEQUENT SCIENTIFIC LTD.,1.0,1.0
5507,SERVOTECH,SERVOTECH REN POW SYS LTD,1.0,1.0
3066,SESHAPAPER,SESHASAYEE PAPER & BOARDS,1.0,5.0
17395,SETF10GILT,SBIAMC - SETF10GILT,1.0,1.0
17272,SETFGOLD,SBI-ETF GOLD,1.0,1.0
10176,SETFNIF50,SBI-ETF NIFTY 50,1.0,1.0
7361,SETFNIFBK,SBI-ETF NIFTY BANK,1.0,1.0
7353,SETFNN50,SBI-ETF NIFTY NEXT 50,1.0,1.0
19184,SFL,SHEELA FOAM LIMITED,1.0,5.0
5114,SGIL,SYNERGY GREEN IND. LTD,1.0,5.0
13367,SGL,STL GLOBAL LIMITED,1.0,1.0
29075,SGLTL,STANDARD GLASS LIN TECH L,1.0,1.0
20296,SHAH,SHAH METACORP LIMITED,1.0,1.0
8727,SHAILY,SHAILY ENG PLASTICS LTD,1.0,10.0
25574,SHAKTIPUMP,SHAKTI PUMPS (I) LTD,1.0,5.0
714,SHALBY,SHALBY LIMITED,1.0,1.0
15342,SHALPAINTS,SHALIM PAINTS LTD,1.0,1.0
20321,SHANKARA,SHANKARA BLDG PRODUCT LTD,1.0,5.0
3078,SHANTIGEAR,SHANTHI GEARS LTD,1.0,5.0
4992,SHARDACROP,SHARDA CROPCHEM LTD.,1.0,5.0
10530,SHARDAMOTR,SHARDA MOTOR INDS LTD,1.0,10.0
104,SHAREINDIA,SHARE IND. SECURITIES LTD,1.0,1.0
17044,SHARIABEES,NIP IND ETF SHARIAH BEES,1.0,1.0
17752,SHILPAMED,SHILPA MEDICARE LTD,1.0,5.0
7016,SHIVALIK,SHIVALIK RASAYAN LIMITED,1.0,5.0
13756,SHIVAMAUTO,SHIVAM AUTO.LTD,1.0,1.0
1497,SHIVAMILLS,SHIVA MILLS LIMITED,1.0,1.0
804,SHIVATEX,SHIVA TEXYARN LIMITED,1.0,1.0
11212,SHK,S H KELKAR AND CO. LTD.,1.0,1.0
11813,SHOPERSTOP,SHOPPERS STOP LIMITED,1.0,5.0
708,SHRADHA,SHRADHA INFRAPROJECTS LTD,1.0,1.0
3099,SHREDIGCEM,SHREE DIGVIJAY CEM CO LTD,1.0,1.0
3103,SHREECEM,SHREE CEMENT LIMITED,1.0,500.0
10588,SHREEPUSHK,SHRE PUSH CHEM & FERT LTD,1.0,5.0
7627,SHREERAMA,SHREE RAMA MULTI TECH LTD,1.0,1.0
3126,SHREYANIND,SHREYANS INDUSTRIES LTD,1.0,1.0
17186,SHRIPISTON,SHRIRAM PIST. & RING LTD,1.0,10.0
4306,SHRIRAMFIN,SHRIRAM FINANCE LIMITED,1.0,5.0
7200,SHRIRAMPPS,SHRIRAM PROPERTIES LTD,1.0,1.0
4693,SHYAMMETL,SHYAM METALICS AND ENGY L,1.0,5.0
13740,SHYAMTEL,SHYAM TELECOM LIMITED,1.0,1.0
3150,SIEMENS,SIEMENS LTD,1.0,10.0
6663,SIGACHI,SIGACHI INDUSTRIES LTD,1.0,1.0
4522,SIGIND,SIGNET INDUSTRIES LIMITED,1.0,1.0
18743,SIGNATURE,SIGNATUREGLOBAL INDIA LTD,1.0,10.0
22656,SIGNPOST,SIGNPOST INDIA LIMITED,1.0,1.0
6218,SIKKO,SIKKO INDUSTRIES LIMITED,1.0,1.0
11297,SIL,STANDARD INDUSTRIES LTD.,1.0,1.0
4105,SILINV,SIL INVESTMENTS LIMITED,1.0,5.0
19097,SILLYMONKS,SILLY MONKS ENTERTAIN LTD,1.0,1.0
8003,SILVER,BIRLASLAMC - SILVER,1.0,1.0
13082,SILVER1,KOTAKMAMC - KOTAKSILVE,1.0,1.0
756150,SILVER360,360ONEAMC - SILVER360,1.0,1.0
10761,SILVERADD,DSPAMC - DSPSILVETF,1.0,1.0
8080,SILVERBEES,NIPPONAMC - NETFSILVER,1.0,1.0
30274,SILVERCASE,ZERODHAAMC - SILVERCASE,1.0,1.0
15085,SILVERETF,UTIAMC - SILVERETF,1.0,1.0
7942,SILVERIETF,ICICIPRAMC - ICICISILVE,1.0,1.0
9422,SILVERTUC,SILVER TOUCH TECHNO LTD,1.0,5.0
16777,SILVRETF,MIRAEAMC - MASILVER,1.0,1.0
3162,SIMPLEXINF,SIMPLEX INFRASTRUCTURES L,1.0,5.0
23480,SINCLAIR,SINCLAIRS HOTELS LIMITED,1.0,1.0
16859,SINDHUTRAD,SINDHU TRADE LINKS LTD,1.0,1.0
381,SINTERCOM,SINTERCOM INDIA LIMITED,1.0,1.0
11050,SIRCA,SIRCA PAINT INDIA LIMITED,1.0,5.0
21501,SIS,SIS LIMITED,1.0,5.0
14096,SIYSIL,SIYARAM SILK MILLS LTD,1.0,5.0
6643,SJS,SJS ENTERPRISES LIMITED,1.0,10.0
18883,SJVN,SJVN LTD,1.0,1.0
3186,SKFINDIA,SKF INDIA LTD,1.0,10.0
9428,SKIPPER,SKIPPER LIMITED,1.0,5.0
4732,SKMEGGPROD,SKM EGG PROD EXPORT(I) LT,1.0,1.0
22832,SMALLCAP,MIRAEAMC - SMALLCAP,1.0,1.0
9889,SMARTLINK,SMARTLINK HOLDINGS LTD,1.0,1.0
2320,SMCGLOBAL,SMC GLOBAL SECURITIES LTD,1.0,1.0
3387,SMLISUZU,SML ISUZU LIMITED,1.0,10.0
6843,SMLT,SARTHAK METALS LIMITED,1.0,1.0
21551,SMSLIFE,SMS LIFESCIENCES (I) LTD,1.0,10.0
14329,SMSPHARMA,SMS PHARMACEUTICALS LTD.,1.0,5.0
4843,SNOWMAN,SNOWMAN LOGISTICS LTD.,1.0,1.0
13826,SOBHA,SOBHA LIMITED,1.0,10.0
8266,SOFTTECH,SOFTTECH ENGINEERS LTD,1.0,5.0
3672,SOLARA,SOLARA ACTIVE PHA SCI LTD,1.0,5.0
13332,SOLARINDS,SOLAR INDUSTRIES (I) LTD,1.0,100.0
3880,SOMANYCERA,SOMANY CERAMICS LIMITED,1.0,5.0
4201,SOMATEX,SOMA TEXTILES & INDUST LT,1.0,1.0
17794,SOMICONVEY,SOMI CONVEYOR BELT. LTD.,1.0,1.0
4684,SONACOMS,SONA BLW PRECISION FRGS L,1.0,5.0
8806,SONAMLTD,SONAM LIMITED,1.0,1.0
6596,SONATSOFTW,SONATA SOFTWARE LTD,1.0,5.0
3021,SOTL,SAVITA OIL TECHNOLO. LTD,1.0,5.0
5948,SOUTHBANK,THE SOUTH INDIAN BANK LTD,1.0,1.0
9678,SOUTHWEST,SOUTH WEST PINNACLE LTD,1.0,1.0
18252,SPAL,S. P. APPARELS LIMITED,1.0,5.0
11435,SPANDANA,SPANDANA SPHOORTY FIN LTD,1.0,5.0
14788,SPARC,SUN PHARMA ADV.RES.CO.LTD,1.0,1.0
27107,SPECIALITY,SPECIALITY REST LTD,1.0,1.0
30455,SPECTRUM,SPECTRUM ELECTRIC IND LTD,1.0,10.0
8163,SPENCERS,SPENCER S RETAIL LIMITED,1.0,1.0
3252,SPIC,SPIC LTD,1.0,1.0
9617,SPLPETRO,SUPREME PETROCHEM LIMITED,1.0,5.0
3321,SPMLINFRA,SPML INFRA LIMITED,1.0,1.0
10733,SPORTKING,SPORTKING INDIA LIMITED,1.0,1.0
25737,SRD,SHANKAR LAL RAMPAL LTD,1.0,1.0
31837,SREEL,SREELEATHERS LIMITED,1.0,1.0
3273,SRF,SRF LTD,1.0,10.0
18119,SRGHFL,SRG HOUSING FINANCE L,1.0,5.0
14582,SRHHYPOLTD,SREE RAYALSEEMA HHP LTD.,1.0,5.0
23402,SRM,SRM CONTRACTORS LIMITED,1.0,5.0
24856,SSDL,SARASWATI SAREE DEPOT LTD,1.0,1.0
11829,SSWL,STEEL STRIPS WHEELS LTD.,1.0,1.0
24226,STANLEY,STANLEY LIFESTYLES LTD,1.0,5.0
7374,STAR,STRIDES PHARMA SCI LTD,1.0,5.0
21091,STARCEMENT,STAR CEMENT LIMITED,1.0,1.0
7083,STARHEALTH,STAR HEALTH & AL INS CO L,1.0,5.0
3291,STARPAPER,STAR PAPER MILLS LTD,1.0,1.0
9305,STARTECK,STARTECK FINANCE LIMITED,1.0,5.0
10948,STCINDIA,THE STATE TRADING CORPN,1.0,1.0
6803,STEELCAS,STEELCAST LIMITED,1.0,10.0
10406,STEELCITY,STEEL CITY SECURITIES LTD,1.0,1.0
21339,STEELXIND,STEEL EXCHANGE INDIA LTD,1.0,1.0
4299,STERTOOLS,STERLING TOOLS LIMITED,1.0,5.0
9309,STLTECH,STERLITE TECHNOLOGIES LTD,1.0,1.0
2107,STOVEKRAFT,STOVE KRAFT LIMITED,1.0,5.0
5186,STYLAMIND,STYLAM INDUSTRIES LIMITED,1.0,10.0
25114,STYLEBAAZA,BAAZAR STYLE RETAIL LTD,1.0,5.0
19,STYRENIX,STYRENIX PERFORMANCE LTD,1.0,10.0
967,SUBEXLTD,SUBEX LTD,1.0,1.0
3324,SUBROS,SUBROS LIMITED,1.0,5.0
3327,SUDARSCHEM,SUDARSHAN CHEMICAL INDS L,1.0,10.0
11804,SUKHJITS,SUKHJIT STARCH & CHEM LTD,1.0,1.0
13218,SULA,SULA VINEYARDS LIMITED,1.0,5.0
17105,SUMICHEM,SUMITOMO CHEM INDIA LTD,1.0,5.0
11140,SUMIT,SUMIT WOODS LIMITED,1.0,1.0
21275,SUMMITSEC,SUMMIT SECURITIES LTD,1.0,10.0
20956,SUNCLAY,SUNDARAM CLAYTON LIMITED,1.0,10.0
18931,SUNDARAM,SUNDARAM MULTI PAP LTD,1.0,1.0
3339,SUNDARMFIN,SUNDARAM FINANCE LTD,1.0,50.0
2183,SUNDARMHLD,SUNDARAM FINANCE HOLD LTD,1.0,5.0
4179,SUNDRMBRAK,SUNDARAM BRAK LININGS LTD,1.0,5.0
3345,SUNDRMFAST,SUNDRAM FASTENERS LTD,1.0,10.0
1663,SUNDROP,SUNDROP BRANDS LIMITED,1.0,5.0
3348,SUNFLAG,SUNFLAG IRON AND STEEL CO,1.0,5.0
3351,SUNPHARMA,SUN PHARMACEUTICAL IND L,1.0,10.0
17641,SUNTECK,SUNTECK REALTY LIMITED,1.0,5.0
13404,SUNTV,SUN TV NETWORK LIMITED,1.0,5.0
20616,SUPERHOUSE,SUPERHOUSE LIMITED,1.0,1.0
3357,SUPERSPIN,SUPER SPINNING MILLS LTD,1.0,1.0
11689,SUPRAJIT,SUPRAJIT ENGINEERING LTD,1.0,5.0
29439,SUPREME,SUPREME HOLDIN N HOSP I L,1.0,1.0
3363,SUPREMEIND,SUPREME INDUSTRIES LTD,1.0,10.0
7390,SUPRIYA,SUPRIYA LIFESCIENCE LTD,1.0,5.0
20822,SURAJEST,SURAJ ESTATE DEVELOPERS L,1.0,5.0
24966,SURAJLTD,SURAJ LIMITED,1.0,5.0
27334,SURAKSHA,SURAKSHA DIAGNOSTIC LTD,1.0,5.0
21077,SURANASOL,SURANA SOLAR LIMITED,1.0,1.0
10700,SURANAT&P,SURANA TELECOM AND POW LT,1.0,1.0
11852,SURYALAXMI,SURYALAKSHMI COT MIL LTD,1.0,1.0
3375,SURYAROSNI,SURYA ROSHNI LTD,1.0,5.0
2970,SURYODAY,SURYODAY SMALL FIN BK LTD,1.0,1.0
11233,SUVEN,SUVEN LIFE SCIENCES LTD,1.0,1.0
12018,SUZLON,SUZLON ENERGY LIMITED,1.0,1.0
27095,SWANENERGY,SWAN ENERGY LIMITED,1.0,5.0
3384,SWARAJENG,SWARAJ ENGINES LTD,1.0,10.0
27066,SWIGGY,SWIGGY LIMITED,1.0,5.0
12489,SWSOLAR,STRLNG & WIL REN ENE LTD,1.0,5.0
24190,SYMPHONY,SYMPHONY LIMITED,1.0,10.0
11992,SYNCOMF,SYNCOM FORMU (I) LTD,1.0,1.0
10243,SYNGENE,SYNGENE INTERNATIONAL LTD,1.0,5.0
10793,SYRMA,SYRMA SGS TECHNOLOGY LTD,1.0,5.0
3396,TAINWALCHM,TAINWALA CHEMICAL AND PLA,1.0,1.0
9354,TAJGVK,TAJ GVK HOTELS & RESORTS,1.0,5.0
13648,TALBROAUTO,TALBROS AUTO. COMP. LTD,1.0,5.0
13976,TANLA,TANLA PLATFORMS LIMITED,1.0,5.0
1581,TARC,TARC LIMITED,1.0,1.0
15174,TARIL,TRANS & RECTI. LTD,1.0,5.0
14771,TARMAT,TARMAT LIMITED,1.0,1.0
6943,TARSONS,TARSONS PRODUCTS LIMITED,1.0,5.0
20092,TASTYBITE,TASTY BITE EATABLES LTD,1.0,100.0
3405,TATACHEM,TATA CHEMICALS LTD,1.0,5.0
3721,TATACOMM,TATA COMMUNICATIONS LTD,1.0,10.0
3432,TATACONSUM,TATA CONSUMER PRODUCT LTD,1.0,10.0
3411,TATAELXSI,TATA ELXSI LIMITED,1.0,50.0
21401,TATAGOLD,TATAAML-TATAGOLD,1.0,1.0
1621,TATAINVEST,TATA INVESTMENT CORP LTD,1.0,50.0
3456,TATAMOTORS,TATA MOTORS LIMITED,1.0,5.0
3426,TATAPOWER,TATA POWER CO LTD,1.0,5.0
3499,TATASTEEL,TATA STEEL LIMITED,1.0,1.0
20293,TATATECH,TATA TECHNOLOGIES LIMITED,1.0,5.0
21428,TATSILV,TATAAML-TATSILV,1.0,1.0
5162,TATVA,TATVA CHIN PHARM CHEM LTD,1.0,5.0
23740,TBOTEK,TBO TEK LIMITED,1.0,10.0
27037,TBZ,TRIB BHIMJI ZAVERI LTD,1.0,1.0
10580,TCI,TRANSPORT CORPN OF INDIA,1.0,10.0
19223,TCIEXP,TCI EXPRESS LIMITED,1.0,5.0
4771,TCIFINANCE,TCI FINANCE LTD,1.0,1.0
184,TCPLPACK,TCPL PACKAGING LIMITED,1.0,10.0
11536,TCS,TATA CONSULTANCY SERV LT,1.0,10.0
25178,TDPOWERSYS,TD POWER SYSTEMS LTD.,1.0,5.0
12716,TEAMLEASE,TEAMLEASE SERVICES LTD.,1.0,10.0
6462,TECH,BIRLASLAMC - TECH,1.0,1.0
13538,TECHM,TECH MAHINDRA LIMITED,1.0,10.0
6445,TECHNOE,TECHNO ELEC & ENG CO. LTD,1.0,10.0
7105,TEGA,TEGA INDUSTRIES LIMITED,1.0,10.0
21131,TEJASNET,TEJAS NETWORKS LIMITED,1.0,5.0
11549,TEXINFRA,TEXMACO INFRA & HOLDG LTD,1.0,1.0
18214,TEXMOPIPES,TEXMO PIPE & PRODUCTS LTD,1.0,1.0
21828,TEXRAIL,TEXMACO RAIL & ENG. LTD.,1.0,1.0
3466,TFCILTD,TOURISM FINANCE CORP. OF,1.0,1.0
14607,TGBHOTELS,TGB BANQUETS&HOTELS LTD,1.0,1.0
18118,THANGAMAYL,THANGAMAYIL JEWELLERY LTD,1.0,10.0
21427,THEINVEST,THE INVEST TRUST OF IND L,1.0,1.0
19279,THEJO,THEJO ENGINEERING LIMITED,1.0,10.0
757014,THELEELA,SCHLOSS BANGALORE LIMITED,1.0,5.0
14485,THEMISMED,THEMIS MEDICARE LTD.,1.0,1.0
3475,THERMAX,THERMAX LTD,1.0,10.0
3481,THOMASCOOK,THOMAS COOK (INDIA) LTD,1.0,1.0
31017,THOMASCOTT,THOMAS SCOTT (INDIA) LTD,1.0,5.0
17032,THYROCARE,THYROCARE TECH LTD,1.0,10.0
19196,TI,TILAKNAGAR INDUSTRIES LTD,1.0,5.0
14223,TIIL,TECHNOCRAFT IND LTD,1.0,10.0
312,TIINDIA,TUBE INVEST OF INDIA LTD,1.0,10.0
3484,TIL,TIL LTD,1.0,5.0
10717,TIMESGTY,TIMES GUARANTY LIMITED,1.0,1.0
14707,TIMETECHNO,TIME TECHNOPLAST LTD.,1.0,5.0
14198,TIMKEN,TIMKEN INDIA LTD.,1.0,10.0
756020,TINNARUBR,TINNA RUBBER AND INFR LTD,1.0,5.0
11374,TIPSFILMS,TIPS FILMS LIMITED,1.0,5.0
9117,TIPSMUSIC,TIPS MUSIC LIMITED,1.0,5.0
3496,TIRUMALCHM,THIRUMALAI CHEMICALS LTD,1.0,1.0
15414,TITAGARH,TITAGARH RAIL SYSTEMS LTD,1.0,5.0
3506,TITAN,TITAN COMPANY LIMITED,1.0,10.0
10945,TMB,TAMILNAD MERCA BANK LTD,1.0,5.0
8882,TNIDETF,TATAAML - TNIDETF,1.0,1.0
3509,TNPETRO,TAMILNADU PETROPRODUCTS L,1.0,1.0
3980,TNPL,TAMILNADU NEWSPRT & PAPER,1.0,1.0
3512,TNTELE,TAMILNADU TELECOMMUNICATI,1.0,1.0
3837,TOKYOPLAST,TOKYO PLAST INTL LTD,1.0,1.0
24081,TOP100CASE,ZERODHAAMC - TOP100CASE,1.0,1.0
25171,TOP10ADD,DSPAMC - TOP10ADD,1.0,1.0
3518,TORNTPHARM,TORRENT PHARMACEUTICALS L,1.0,10.0
13786,TORNTPOWER,TORRENT POWER LTD,1.0,10.0
22423,TOTAL,TOTAL TRANSPORT SYS LTD,1.0,1.0
16908,TOUCHWOOD,TOUCHWOOD ENTERTAIN LTD.,1.0,1.0
9219,TPLPLASTEH,TPL PLASTECH LIMITED,1.0,1.0
11582,TRACXN,TRACXN TECHNOLOGIES LTD,1.0,1.0
28714,TRANSRAILL,TRANSRAIL LIGHTING LTD,1.0,5.0
3129,TRANSWORLD,TRANSWORLD SHIP LINES LTD,1.0,5.0
7518,TREJHARA,TREJHARA SOLUTIONS LTD,1.0,1.0
17795,TREL,TRANSINDIA REAL ESTATE L,1.0,1.0
1964,TRENT,TRENT LTD,1.0,50.0
17987,TRF,TRF LIMITED,1.0,5.0
9685,TRIDENT,TRIDENT LIMITED,1.0,1.0
5428,TRIGYN,TRIGYN TECHNOLOGIES LTD,1.0,1.0
25584,TRITURBINE,TRIVENI TURBINE LIMITED,1.0,5.0
13081,TRIVENI,TRIVENI ENGG. & INDS. LTD,1.0,5.0
11369,TTKHLTCARE,TTK HEALTHCARE LIMITED,1.0,10.0
3546,TTKPRESTIG,TTK PRESTIGE LTD,1.0,5.0
14314,TTL,T T LIMITED,1.0,1.0
8954,TTML,TATA TELESERV(MAHARASTRA),1.0,1.0
11265,TVSELECT,TVS ELECTRONICS LTD,1.0,5.0
29008,TVSHLTD,TVS HOLDINGS LIMITED,1.0,100.0
8479,TVSMOTOR,TVS MOTOR COMPANY  LTD,1.0,10.0
18151,TVSSCS,TVS SUPPLY CHAIN SOL L,1.0,1.0
14245,TVSSRICHAK,TVS SRICHAKRA LIMITED,1.0,10.0
11275,TVTODAY,TV TODAY NETWORK LTD,1.0,1.0
16713,UBL,UNITED BREWERIES LTD,1.0,10.0
3570,UCAL,UCAL LIMITED,1.0,1.0
11223,UCOBANK,UCO BANK,1.0,1.0
7276,UDAICEMENT,UDAIPUR CEMENT WORKS LTD,1.0,1.0
19113,UDS,UPDATER SERVICES LIMITED,1.0,5.0
1053,UFLEX,UFLEX LIMITED,1.0,5.0
9039,UFO,UFO MOVIEZ INDIA LTD.,1.0,1.0
19578,UGARSUGAR,THE UGAR SUGAR WORKS LTD,1.0,1.0
5313,UGROCAP,UGRO CAPITAL LIMITED,1.0,1.0
15228,UJJIVANSFB,UJJIVAN SMALL FINANC BANK,1.0,1.0
11532,ULTRACEMCO,ULTRATECH CEMENT LIMITED,1.0,100.0
8842,UMAEXPORTS,UMA EXPORTS LIMITED,1.0,1.0
11387,UMANGDAIRY,UMANG DAIRIES LIMITED,1.0,1.0
8998,UMIYA-MRO,UMIYA BUILDCON LIMITED,1.0,1.0
3579,UNICHEMLAB,UNICHEM LABORATORIES LTD,1.0,5.0
201,UNIDT,UNITED DRILLING TOOLS LTD,1.0,1.0
24809,UNIECOM,UNICOMMERCE ESOLUTIONS L,1.0,1.0
11293,UNIENTER,UNIPHOS ENTERPRISES LTD,1.0,1.0
28960,UNIMECH,UNIMECH AEROSPACE N MFG L,1.0,10.0
10753,UNIONBANK,UNION BANK OF INDIA,1.0,1.0
29687,UNIONGOLD,UNIONAMC - UNIONGOLD,1.0,5.0
13057,UNIPARTS,UNIPARTS INDIA LIMITED,1.0,5.0
10447,UNITDSPR,UNITED SPIRITS LIMITED,1.0,10.0
7560,UNITEDPOLY,UNITED POLYFAB GUJ. LTD.,1.0,1.0
17999,UNITEDTEA,UNITED NILGIRI TEA LTD,1.0,5.0
18977,UNIVASTU,UNIVASTU INDIA LIMITED,1.0,1.0
3607,UNIVCABLES,UNIVERSAL CABLES LTD,1.0,5.0
17659,UNIVPHOTO,UNIVERSUS IMAGINGS LTD,1.0,1.0
14154,UNOMINDA,UNO MINDA LIMITED,1.0,10.0
11287,UPL,UPL LIMITED,1.0,5.0
20203,URJA,URJA GLOBAL LIMITED,1.0,1.0
8840,USHAMART,USHA MARTIN LTD.,1.0,5.0
14871,USK,UDAYSHIVAKUMAR INFRA LTD,1.0,1.0
527,UTIAMC,UTI ASSET MNGMT CO LTD,1.0,10.0
22440,UTIBANKETF,UTIAMC - UTIBANKETF,1.0,1.0
21478,UTINEXT50,UTIAMC - UTINEXT50,1.0,1.0
10511,UTINIFTETF,UTIAMC - UTINIFTETF,1.0,1.0
10515,UTISENSETF,UTIAMC - UTISENSETF,1.0,1.0
9168,UTISXN50,UTIAMC - UTISXN50,1.0,1.0
17358,UTKARSHBNK,UTKARSH SMALL FIN BANK L,1.0,1.0
13376,UTTAMSUGAR,UTTAM SUGAR MILLS LTD.,1.0,5.0
25626,UYFINCORP,U. Y. FINCORP LIMITED,1.0,1.0
12863,V1NSETEST,V1NSETEST,1.0,5.0
24196,VADILALIND,VADILAL INDUSTRIES LTD,1.0,50.0
11364,VAIBHAVGBL,VAIBHAV GLOBAL LIMITED,1.0,5.0
16589,VAISHALI,VAISHALI PHARMA LIMITED,1.0,1.0
25851,VAL30IETF,ICICIPRAMC - VAL30IETF,1.0,1.0
330,VALIANTORG,VALIANT ORGANICS LIMITED,1.0,5.0
11220,VARDHACRLC,VARDHAMAN ACRYLICS LTD,1.0,1.0
3646,VARDMNPOLY,VARDHMAN POLYTEX LTD.,1.0,1.0
3857,VARROC,VARROC ENGINEERING LTD.,1.0,5.0
18110,VASCONEQ,VASCON ENGINEERS LTD,1.0,1.0
25340,VASWANI,VASWANI IND LTD,1.0,1.0
18921,VBL,VARUN BEVERAGES LIMITED,1.0,5.0
9020,VCL,VAXTEX COTFAB LIMITED,1.0,1.0
3063,VEDL,VEDANTA LIMITED,1.0,5.0
14019,VEEDOL,VEEDOL CORPORATION LTD,1.0,10.0
3757,VENKEYS,VENKY S (INDIA) LIMITED,1.0,10.0
28847,VENTIVE,VENTIVE HOSPITALITY LTD,1.0,5.0
9592,VENUSPIPES,VENUS PIPES & TUBES LTD,1.0,10.0
13859,VENUSREM,VENUS REMEDIES LIMITED,1.0,5.0
8890,VERANDA,VERANDA LEARNING SOL LTD,1.0,1.0
3676,VESUVIUS,VESUVIUS INDIA LTD,1.0,50.0
8652,VETO,VETO SWITCHGEAR CABLE LTD,1.0,1.0
15362,VGUARD,V-GUARD IND LTD.,1.0,5.0
11892,VHL,VARDHMAN HOLDINGS LIMITED,1.0,10.0
13536,VIDHIING,VIDHI SPCLTY F INGRDNTS L,1.0,5.0
5585,VIJAYA,VIJAYA DIAGNOSTIC CEN LTD,1.0,5.0
17691,VIJIFIN,VIJI FINANCE LIMITED,1.0,1.0
25756,VIKASECO,VIKAS ECOTECH LIMITED,1.0,1.0
9931,VIKASLIFE,VIKAS LIFECARE LIMITED,1.0,1.0
13101,VIMTALABS,VIMTA LABS LIMITED,1.0,5.0
17364,VINATIORGA,VINATI ORGANICS LTD,1.0,10.0
25835,VINCOFE,VINTAGE COFFEE N BVRGS L,1.0,1.0
3694,VINDHYATEL,VINDHYA TELELINKS LTD,1.0,10.0
16821,VINYLINDIA,VINYL CHEMICALS (I) LTD.,1.0,5.0
3703,VIPIND,VIP INDUSTRIES LTD,1.0,5.0
15295,VIRINCHI,VIRINCHI LIMITED,1.0,1.0
4221,VISAKAIND,VISAKA INDUSTRIES LIMITED,1.0,1.0
6908,VISHNU,VISHNU CHEMICALS LIMITED,1.0,5.0
13702,VISHWARAJ,VISHWARAJ SUGAR IND LTD,1.0,1.0
29877,VIVIDHA,VISAGAR POLYTEX LTD,1.0,1.0
3715,VLSFINANCE,VLS FINANCE LTD,1.0,1.0
29284,VMART,VMART RETAIL LTD,1.0,10.0
27969,VMM,VISHAL MEGA MART LIMITED,1.0,1.0
13577,VOLTAMP,VOLTAMP TRANSFORMERS LTD,1.0,50.0
3718,VOLTAS,VOLTAS LTD,1.0,10.0
18341,VPRPL,VISHNU PRAKASH R PUNGLI L,1.0,1.0
24321,VRAJ,VRAJ IRON AND STEEL LTD,1.0,1.0
8696,VRLLOG,VRL LOGISTICS LIMITED,1.0,5.0
27067,VSSL,VARDHMAN SPC STEEL LTD,1.0,5.0
3724,VSTIND,VST INDUSTRIES LTD,1.0,5.0
22730,VSTL,VIBHOR STEEL TUBES LTD,1.0,1.0
24292,VSTTILLERS,VST TILLERS TRACTORS LTD,1.0,10.0
2073,VTL,VARDHMAN TEXTILES LIMITED,1.0,5.0
25907,WAAREEENER,WAAREE ENERGIES LIMITED,1.0,10.0
756038,WAAREERTL,WAAREE RENEWABLE TECH LTD,1.0,10.0
20188,WABAG,VA TECH WABAG LTD,1.0,10.0
3736,WALCHANNAG,WALCHANDNAGAR INDUSTRIES,1.0,1.0
25403,WCIL,WESTERN CARRIERS (IND) L,1.0,1.0
1923,WEALTH,WEALTH FRST PORT. MG. LTD,1.0,5.0
14602,WEBELSOLAR,WEBSOL ENERGY SYSTEM LTD,1.0,10.0
3748,WEIZMANIND,WEIZMANN LTD,1.0,1.0
7835,WEL,WONDER ELECTRICALS LTD,1.0,1.0
11821,WELCORP,WELSPUN CORP LIMITED,1.0,5.0
11626,WELENT,WELSPUN ENTERPRISES LTD.,1.0,5.0
19800,WELINV,WELSPUN INV & COMM LTD,1.0,5.0
11253,WELSPUNLIV,WELSPUN LIVING LIMITED,1.0,1.0
4235,WENDT,WENDT (INDIA) LIMITED,1.0,50.0
11580,WESTLIFE,WESTLIFE FOODWORLD LTD,1.0,5.0
3766,WHEELS,WHEELS INDIA LTD,1.0,5.0
18011,WHIRLPOOL,WHIRLPOOL OF INDIA LTD,1.0,10.0
3772,WILLAMAGOR,WILLIAMSON MAGOR,1.0,1.0
5366,WINDLAS,WINDLAS BIOTECH LIMITED,1.0,5.0
24969,WINDMACHIN,WINDSOR MACHINES LIMITED,1.0,5.0
20481,WIPL,THE WESTERN INDIA PLY LTD,1.0,1.0
3787,WIPRO,WIPRO LTD,1.0,1.0
7506,WOCKPHARMA,WOCKHARDT LIMITED,1.0,10.0
3002,WONDERLA,WONDERLA HOLIDAYS LTD.,1.0,5.0
22277,WORTH,WORTH PERIPHERALS LIMITED,1.0,1.0
3799,WSTCSTPAPR,WEST COAST PAPER MILLS LT,1.0,5.0
11705,XCHANGING,XCHANGING SOLUTIONS LTD,1.0,1.0
11407,XPROINDIA,XPRO INDIA LIMITED,1.0,10.0
25235,XTGLOBAL,XTGLOBAL INFOTECH LIMITED,1.0,1.0
18131,YASHO,YASHO INDUSTRIES LIMITED,1.0,10.0
17738,YATHARTH,YATHARTH HOSP & TRA C S L,1.0,5.0
18760,YATRA,YATRA ONLINE LIMITED,1.0,1.0
11915,YESBANK,YES BANK LIMITED,1.0,1.0
5501,YUKEN,YUKEN INDIA LIMITED,1.0,10.0
18608,ZAGGLE,ZAGGLE PREPA OCEAN SER L,1.0,5.0
3812,ZEEL,ZEE ENTERTAINMENT ENT LTD,1.0,1.0
14003,ZEEMEDIA,ZEE MEDIA CORPORATION LTD,1.0,1.0
14562,ZENITHSTL,ZENITH STEEL PIP IND LTD,1.0,1.0
1076,ZENSARTECH,ZENSAR TECHNOLOGIES  LTD,1.0,5.0
7508,ZENTEC,ZEN TECHNOLOGIES LIMITED,1.0,10.0
16915,ZFCVINDIA,ZF COM VE CTR SYS IND LTD,1.0,100.0
12384,ZIMLAB,ZIM LABORATORIES LIMITED,1.0,1.0
7129,ZODIAC,ZODIAC ENERGY LIMITED,1.0,5.0
3821,ZODIACLOTH,ZODIAC CLOTHING CO. LTD.,1.0,1.0
11394,ZOTA,ZOTA HEALTH CARE LIMITED,1.0,5.0
29050,ZUARI,ZUARI AGRO CHEMICALS LTD,1.0,1.0
3827,ZUARIIND,ZUARI INDUSTRIES LIMITED,1.0,5.0
7929,ZYDUSLIFE,ZYDUS LIFESCIENCES LTD,1.0,5.0
17635,ZYDUSWELL,ZYDUS WELLNESS LIMITED,1.0,10.0
